date,tx_pos,tx_incid,TO,rea,hosp,rad,dchosp,incid_rea,incid_hosp,incid_rad,incid_dchosp,conf,conf_j1,pos,pos_7j
2020-03-18,1.8932147689999999,17.117386860000003,0.152431791,771.0,2972.0,816.0,218.00000000000003,326.0,1674.9999999999998,401,117,9134.0,14996,1203,11488
2020-03-19,10.822692256666665,243.48706773333333,0.22182680899999999,1001.9999999999999,4073.0,1180.0,327.0,438.0,2229.0,519,155,10995.0,17125,35299,163416
2020-03-20,7.893360892000001,147.76528950000002,0.256425465,1297.0,5226.0,1587.0,449.99999999999994,242.0,1256.0,317,83,12612.0,9141,22931,99172
2020-03-21,10.532885213333333,229.60343413333334,0.30150257,1453.0,5900.0,1811.0,525.0,298.0,1540.0,368,115,14459.0,15247,32448,154098
2020-03-22,10.799278143333332,243.78705036666665,0.34519573000000003,1674.0,6954.0,2117.0,631.9999999999999,309.0,1534.0,315,123,16686.0,9524,36866,163617
2020-03-23,12.117115706666667,305.1498898666667,0.411229735,2080.0,8673.0,2567.0,860.0000000000001,448.0,2053.0,377,189,19856.0,6656,45466,204801
2020-03-24,13.87180253,380.35414690000005,0.494859628,2503.0,10163.0,3281.0,1100.0,571.0,2618.0,742,244,22302.0,10691,56161,255274
2020-03-25,15.640640580000001,467.38834840000004,0.580268881,2935.0,12072.0,4085.0,1388.0,607.0,3165.9999999999995,834,293,25233.000000000004,13601,62400,313687
2020-03-26,15.640640580000001,467.38834840000004,0.662514828,3351.0,13879.0,4947.0,1696.0,612.0,3097.0,888,318,29155.0,20727,62400,313687
2020-03-27,15.623120976666668,471.4843034333333,0.7429814159999999,3758.0,15701.0,5698.0,1995.0,608.0,3059.0,814,307,32964.0,20064,62949,316436
2020-03-28,15.760971723333334,490.20888203333334,0.837485172,4236.0,17580.0,6624.0,2314.0,695.0,3353.0,969,326,37575.0,22124,63400,329003
2020-03-29,15.628419513333334,481.68371316666673,0.907868723,4592.0,19311.0,7131.0,2606.0,543.0,2685.0,543,295,40174.0,23268,65808,323282
2020-03-30,14.93080109,467.7792198,0.999604587,5056.0,20946.0,7923.0,3024.0,694.0,3108.0,861,423,44550.0,22124,58952,313950
2020-03-31,14.809245496666664,463.1990213,1.086595492,5496.0,22672.000000000004,9443.0,3523.0000000000005,767.0,4146.0,1589,526,52128.0,34162,52293,310876
2020-04-01,14.531565353333331,452.43093589999995,1.174377224,5940.0,24543.0,10934.0,4032.0,771.0,4281.0,1647,516,56989.0,34162,48885,303649
2020-04-02,13.822897093333333,421.15128916666674,1.246540134,6305.0,26131.0,12427.0,4503.0,728.0,3845.0,1577,524,59105.00000000001,34162,45066,282655
2020-04-03,12.384404600000002,347.1002766666667,1.296164492,6556.0,27302.0,14007.0,5091.0,640.0,3627.0,1655,606,64338.00000000001,22124,38000,232956
2020-04-04,12.392921479999998,332.86749106666673,1.3291814950000003,6722.999999999999,28003.0,15436.999999999998,5532.0,502.0,2822.0,1495,448,68605.0,22124,29854,223404
2020-04-05,12.18734684,326.58275546666664,1.356069593,6858.999999999999,28747.0,16182.0,5889.0,389.99999999999994,1931.0,773,361,70478.0,23268,14540,219186
2020-04-06,11.753175390000003,306.8449904333333,1.37366548,6948.0,29569.0,17249.0,6494.0,478.0,2754.0,1133,613,74390.0,22124,38179,205939
2020-04-07,11.136963280666667,280.3342730666666,1.38473705,7004.0,29871.000000000004,19336.0,7091.0,518.0,3277.0,2161,607,78167.0,32566,29389,188146
2020-04-08,11.136963280666667,280.3342730666666,1.3877026490000002,7019.000000000001,30217.0,21253.0,7632.0,482.0,3139.0,2022,562,82048.0,32566,29389,188146
2020-04-09,11.934129816666669,314.1096362666667,1.371490708,6937.0,30608.0,23205.0,8044.0,369.0,2990.0,2032,424,86334.0,33803,23911,210814
2020-04-10,11.136963280666667,280.3342730666666,1.359232898,6875.0,31107.999999999996,24931.0,8598.0,431.0,3161.0,1967,578,90676.0,32566,29389,188146
2020-04-11,11.509869570000001,283.2705269333334,1.334914986,6752.0,31159.000000000004,26390.0,8943.0,255.0,2044.0,1527,353,93790.0,29383,17638,190116
2020-04-12,12.18734684,326.58275546666664,1.327402135,6714.0,31665.0,27185.0,9253.0,220.0,1688.0,825,315,95403.0,23268,14540,219186
2020-04-13,11.031780238333331,285.5641028333333,1.3226571769999997,6690.0,31952.000000000004,27717.0,9588.0,227.0,1257.0,551,343,98076.0,16596,2974,191656
2020-04-14,11.753175390000003,306.84499043333335,1.304665876,6599.0,32131.0,28804.0,10129.0,275.0,1965.0,1125,559,103573.0,15676,38180,205939
2020-04-15,10.109010392999998,230.29081156666666,1.251680506,6331.0,31623.0,30952.0,10643.0,284.0,2415.0,2224,524,106206.0,32566,22704,154559
2020-04-16,10.626938274666667,250.840119,1.213720838,6139.0,31172.000000000004,32806.0,11053.0,270.0,2084.0,1925,435,108847.0,25375,11075,168351
2020-04-17,11.509869570000001,283.2705269333333,1.170818505,5922.0,31061.0,34414.0,11470.0,242.0,2166.0,1720,428,109252.0,29383,17638,190117
2020-04-18,9.138029783999999,198.79809766666668,1.133451957,5733.0,30515.000000000004,35977.0,11834.0,205.99999999999997,1565.0,1605,368,111821.00000000001,24285,11506,133423
2020-04-19,11.031780238333331,285.5641028333333,1.11585607,5644.0,30486.000000000004,36572.0,12061.0,137.0,890.0,622,231,112606.0,16723,2974,191656
2020-04-20,9.499912093666666,209.1430288333333,1.103993673,5584.0,30462.000000000004,37403.0,12505.0,207.99999999999997,1464.0,933,450,114657.0,13695,16943,140366
2020-04-21,10.447660557999999,244.54992010000004,1.054567023,5334.0,29984.0,39175.0,12892.0,190.0,1885.0,1875,404,117324.00000000001,25375,10881,164129
2020-04-22,9.138029783999999,198.79809766666668,1.013641756,5127.0,29627.000000000004,40651.0,13225.000000000002,183.0,1619.0,1587,349,119151.0,24285,11506,133423
2020-04-23,7.764899108333332,154.45778296666668,0.982008699,4967.0,29113.000000000004,42082.0,13536.0,178.0,1410.0,1531,320,120804.00000000001,18108,12016,103664
2020-04-24,7.131921625333333,135.51467396666666,0.946026097,4785.0,28554.0,43486.0,13840.999999999998,155.0,1346.0,1464,312,122577.0,14634,10750,90950
2020-04-25,7.585937266333333,149.6888536666667,0.917556346,4641.0,28119.0,44587.0,14039.0,124.0,999.0,1166,207,124114.0,14539,5055,100463
2020-04-26,6.965646206,129.78321760000003,0.909054962,4598.0,28114.000000000004,44896.0,14191.0,79.0,481.0,318,152,124575.0,11321,1731,87104
2020-04-27,11.031780238333331,285.5641028333333,0.894820087,4526.0,27954.0,45506.0,14486.0,125.0,964.0,736,300,125770.00000000001,14796,2974,191656
2020-04-28,7.131921625333333,135.51467396666666,0.851522341,4392.0,27607.0,46322.0,14675.999999999998,153.0,1321.0,1491,328,127290.0,14634,10750,90950
2020-04-29,6.988964093333334,130.2014053,0.816132859,4128.0,26736.000000000004,48221.0,15041.0,110.0,1070.0,1430,251,128442.0,14841,8293,87384
2020-04-30,6.373451669666667,110.33450870000001,0.7803479640000001,3947.0,26192.0,49469.0,15231.000000000002,121.0,1048.0,1327,207,129581.0,13189,8069,74051
2020-05-01,6.4018109616666665,112.48156986666666,0.7550415180000001,3819.0000000000005,25809.000000000004,50204.0,15350.0,73.0,668.0,861,138,130185.0,11762,986,75492
2020-05-02,6.296167501666666,114.15928736666667,0.745353895,3769.9999999999995,25751.0,50554.0,15468.0,64.0,453.0,381,120,130979.0,10779,1421,76618
2020-05-03,6.296167501666666,114.15928736666667,0.7437722420000001,3762.0,25739.000000000004,50776.0,15564.0,80.0,345.0,245,101,131287.0,10779,1167,76618
2020-05-04,6.367821293333334,110.35288513333333,0.71945433,3639.0,25472.0,51363.0,15806.999999999998,84.0,689.0,619,245,131863.0,11243,1174,74063
2020-05-05,6.37112339,110.08419206666667,0.6672597859999999,3375.0,24701.0,52728.0,16041.0,111.0,987.0,1435,244,132967.0,12621,10062,73883
2020-05-06,4.982720917333333,77.09404829966665,0.611901938,3095.0,23912.0,53963.0,16218.000000000002,69.0,833.0,1298,181,137150.0,13150,986,51741
2020-05-07,3.542542797333333,41.67325051933333,0.575523922,2911.0,23139.0,55018.0,16367.0,98.99999999999999,728.0,1291,159,137779.0,13150,986,27968
2020-05-08,2.1184139966666664,8.04539532,0.557532622,2820.0,22657.0,55773.0,16478.0,89.0,510.0,817,118,138421.0,15710,986,5399
2020-05-09,1.98097526,7.077404982666667,0.546461052,2764.0,22547.000000000004,56029.0,16554.0,38.0,265.0,274,76,138854.0,11784,518,4750
2020-05-10,1.9809752600000001,7.077404982666667,0.539343614,2728.0,22502.0,56208.0,16623.0,38.0,253.0,212,70,139063.0,11784,518,4750
2020-05-11,2.0133751133333333,7.7210763406666665,0.527085805,2666.0,22219.000000000004,56715.0,16801.0,82.0,523.0,560,184,139519.0,12167,1021,5182
2020-05-12,1.9726789456666667,7.581018221000001,0.493475682,2496.0,21530.0,57776.0,16984.0,92.0,670.0,1118,194,140227.0,14811,986,5088
2020-05-13,1.9726789456666667,7.581018221000001,0.47153024899999996,2385.0,21009.000000000004,58664.0,17082.0,69.0,543.0,943,105,140734.0,17258,901,5088
2020-05-14,1.9726789456666667,7.581018221000001,0.446026097,2256.0,20401.0,59596.0,17205.0,51.99999999999999,542.0,970,126,141356.0,17258,1015,5088
2020-05-15,1.9726789456666667,7.581018221000001,0.427441677,2162.0,19801.0,60439.0,17323.0,64.0,438.0,892,120,141919.0,19058,1044,5088
2020-05-16,1.9791253253333334,7.390797441666667,0.413404508,2091.0,19372.000000000004,61057.0,17393.0,46.0,350.0,652,78,142291.0,17047,292,4960
2020-05-17,1.9321555330000002,6.9577099229999995,0.40470541700000007,2047.0000000000002,19302.000000000004,61203.99999999999,17447.0,24.0,152.0,159,54,142411.0,9141,142,4669
2020-05-18,1.9791253253333334,7.390797441666667,0.38710952900000006,1958.0,18956.0,61719.0,17570.0,38.0,375.0,548,123,142903.0,9141,1120,4960
2020-05-19,2.169331749,8.297698599,0.36654804300000005,1853.9999999999998,18409.0,62554.00000000001,17695.0,69.0,506.0,882,140,143427.0,19058,1055,5569
2020-05-20,2.119327856,8.531625459,0.346777382,1754.0,17882.0,63345.000000000015,17793.0,43.0,432.0,823,102,143845.0,19058,1058,5726
2020-05-21,2.0665823850000002,7.3068619020000005,0.337682879,1708.0,17527.0,63849.000000000015,17851.0,28.0,271.0,530,58,144163.0,12051,193,4904
2020-05-22,1.953322023,6.982046262999999,0.328983788,1664.0,17327.0,64200.00000000001,17925.0,36.0,263.0,373,75,144556.0,8238,826,4686
2020-05-23,1.9230213720000002,6.943306783,0.32186635,1628.0,17122.0,64537.99999999999,17968.0,30.0,233.0,361,47,144806.0,8238,266,4660
2020-05-24,1.920123204,6.947776723,0.319889284,1618.0,17129.0,64608.00000000001,18003.0,24.0,121.0,80,36,144921.0,8238,145,4663
2020-05-25,1.7514657350000002,6.333904964000001,0.310794781,1572.0,16742.0,65190.0,18093.0,45.0,342.0,609,93,145279.0,14234,708,4251
2020-05-26,1.629377232,5.9137306050000005,0.300316331,1519.0,16209.000000000002,65870.0,18175.0,37.0,318.0,718,92,145555.0,14234,773,3969
2020-05-27,1.5371621619999998,5.423527186,0.290035587,1467.0,15627.0,66575.0,18240.0,32.0,271.0,736,67,145746.0,14234,729,3640
2020-05-28,1.5078360999999998,6.091038225000001,0.275800712,1395.0,15155.0,67182.0,18306.0,36.0,253.0,621,69,149071.0,14234,641,4087
2020-05-29,1.4276037950000002,5.746852846000001,0.262554369,1328.0,14643.0,67794.00000000001,18367.0,29.0,255.0,656,63,149668.0,14234,595,3857
2020-05-30,1.458714549,5.903300745,0.255634638,1293.0,14329.0,68259.0,18424.0,29.0,227.0,486,57,151496.0,12051,371,3962
2020-05-31,1.4672533240000003,5.967369885,0.254448399,1287.0,14271.0,68346.00000000001,18455.0,18.0,72.0,93,35,151753.0,8238,188,4005
2020-06-01,1.4969181100000002,5.167250627,0.251087386,1270.0,14237.0,68431.00000000001,18486.0,9.0,89.0,95,30,152091.0,8238,171,3468
2020-06-02,1.508338224,5.092751627,0.241399763,1221.0,13978.0,68803.00000000001,18570.0,33.0,229.0,402,85,151325.0,8238,723,3418
2020-06-03,1.4888867149999998,4.988453028,0.233096085,1179.0,13465.0,69446.00000000001,18651.0,25.999999999999996,250.0,668,85,151677.0,14234,659,3348
2020-06-04,1.5009084799999999,4.960143408,0.22400158200000003,1133.0,13054.0,69967.0,18695.0,23.0,195.0,544,46,152444.0,12051,622,3329
2020-06-05,1.504178273,4.907994108,0.210557533,1065.0,12650.0,70494.00000000001,18741.0,19.0,213.0,548,47,153055.0,14234,560,3294
2020-06-06,1.473887602,4.796245608,0.203637802,1030.0,12433.0,70796.00000000001,18772.0,15.0,143.0,309,35,153634.0,8238,296,3219
2020-06-07,1.457413539,4.721746608,0.202451562,1024.0,12415.0,70832.00000000001,18785.0,4.0,37.0,38,13,153977.0,8238,138,3169
2020-06-08,1.4114239229999999,5.299858847,0.19671806999999997,994.9999999999999,12269.0,71052.00000000001,18839.0,23.0,145.00000000000003,245,55,154188.0,8238,559,3557
2020-06-09,1.38096473,5.077851827,0.18307631499999996,926.0,11915.0,71496.00000000001,18892.0,15.0,169.0,463,53,154591.0,12051,574,3408
2020-06-10,1.364061451,4.933323768,0.178726769,904.0,11632.0,71822.0,18915.0,23.0,130.0,337,34,155136.0,8238,562,3311
2020-06-11,1.38029014,4.936303728,0.172993278,875.0000000000001,11420.0,72139.00000000001,18942.0,25.999999999999996,143.0,321,28,155561.0,8238,624,3313
2020-06-12,1.414951574,5.015272667,0.168248319,851.0000000000001,11079.0,72562.0,18970.0,18.0,136.0,440,33,156287.0,8238,613,3366
2020-06-13,1.38451883,4.897564248,0.16666666699999996,843.0,10864.0,72798.00000000001,18994.0,14.0,68.0,247,24,156813.0,8238,216,3287
2020-06-14,1.387731976,4.890114348,0.166271253,841.0000000000001,10836.0,72849.0,19003.0,6.000000000000001,33.0,51,9,157220.0,8238,133,3282
2020-06-15,1.372318593,4.802205528,0.16172400200000003,817.9999999999999,10707.0,73034.00000000001,19032.0,12.0,114.0,198,30,157372.0,8238,500,3223
2020-06-16,1.375617511,4.796245608,0.15658363,792.0,10490.0,73325.00000000001,19070.0,14.0,143.0,317,42,157716.0,8238,570,3219
2020-06-17,1.456886184,5.071891907,0.147093713,744.0,10222.0,73657.0,19098.0,14.0,116.0,344,30,158174.0,8238,747,3404
2020-06-18,1.440700872,5.003352827,0.143139581,724.0,10080.0,73877.0,19126.0,15.0,136.0,236,29,158641.0,8238,578,3358
2020-06-19,1.468049464,5.131491107,0.138196916,699.0,9925.0,74107.0,19140.0,10.0,116.0,246,14,159452.0,8238,699,3444
2020-06-20,1.50854618,5.331148427,0.135824437,687.0,9792.0,74302.0,19156.0,7.0,90.0,206,19,160093.0,8238,351,3578
2020-06-21,1.50134184,5.301348827,0.135824437,687.0,9778.0,74362.0,19163.0,5.0,48.00000000000001,60,7,160377.0,8238,113,3558
2020-06-22,1.516425875,5.453326786,0.133056544,673.0,9648.0,74602.00000000001,19186.0,16.0,142.0,242,23,160750.0,8238,602,3660
2020-06-23,1.5197260439999998,5.587424986,0.129300119,654.0,9446.0,74861.0,19212.0,15.0,117.0,286,26,161267.0,8238,660,3750
2020-06-24,1.457442674,5.475676486,0.12455516000000001,630.0,9254.0,75117.0,19223.0,8.0,97.0,272,13,161348.0,8238,672,3675
2020-06-25,1.41945284,5.374357847,0.123171214,623.0,9096.0,75341.0,19244.0,15.0,124.0,239,21,161348.0,8238,509,3607
2020-06-26,1.344442559,5.195560247,0.119810202,606.0,8841.0,75639.0,19270.0,15.0,87.0,309,26,162936.0,8238,579,3487
2020-06-27,1.3241398240000002,5.176190507,0.117437722,594.0,8715.0,75803.0,19285.0,9.0,55.0,167,15,162936.0,8238,338,3474
2020-06-28,1.354038443,5.326678487,0.117437722,594.0,8727.0,75833.0,19287.0,4.0,44.0,30,2,162936.0,8238,213,3575
2020-06-29,1.316948492,5.435447026,0.116844603,591.0,8643.0,75989.00000000001,19305.0,15.0,102.0,160,18,164260.0,8238,675,3648
2020-06-30,1.289946536,5.539745626,0.11348359,574.0,8491.0,76264.0,19326.0,8.0,152.0,282,21,164801.0,8238,730,3718
2020-07-01,1.227204649,5.481636406,0.10952945800000001,554.0,8291.0,76539.0,19344.0,17.0,106.0,278,19,165719.0,8238,633,3679
2020-07-02,1.194208091,5.602324786,0.107750099,545.0,8103.0,76792.0,19358.0,12.0,93.0,254,16,166378.0,8238,591,3760
2020-07-03,1.197570112,5.8541314049999995,0.10537762,533.0,7946.0,77049.0,19376.0,12.0,125.0,267,18,166960.0,8238,748,3929
2020-07-04,1.185244413,5.874991125,0.102214314,517.0,7863.0,77160.00000000001,19388.0,4.0,47.0,118,13,167711.0,8238,352,3942
2020-07-05,1.150951217,5.709603346,0.10300513999999998,521.0,7863.0,77179.00000000001,19390.0,5.0,21.0,20,2,168159.0,8238,103,3831
2020-07-06,1.135129858,5.717053246,0.10300513999999998,521.0,7806.0,77308.00000000001,19403.0,10.0,98.0,130,13,168335.0,8238,680,3836
2020-07-07,1.067221308,5.481636406,0.101028074,511.00000000000006,7550.0,77644.0,19437.0,21.0,127.0,337,35,168810.0,8238,572,3679
2020-07-08,1.063884113,5.587424986,0.09944642199999999,503.0,7254.0,77985.0,19469.0,18.0,83.0,344,34,169473.0,8238,704,3750
2020-07-09,1.055556617,5.761752646,0.096085409,486.0,7134.0,78159.00000000001,19483.0,8.0,78.99999999999999,180,15,170094.0,8238,708,3867
2020-07-10,1.048248436,5.922670485,0.09311981000000001,471.0,7020.0,78377.00000000001,19508.0,9.0,136.0,221,25,170752.0,8238,855,3975
2020-07-11,1.04008237,5.930120385,0.092922104,470.00000000000006,6995.0,78454.00000000001,19514.0,7.0,57.00000000000001,83,6,171504.0,8238,357,3980
2020-07-12,1.043781867,5.950980105,0.093515223,473.0,6991.0,78486.00000000001,19515.0,5.0,26.0,32,1,172089.0,8238,117,3993
2020-07-13,1.060429836,6.248976104,0.09232898399999999,466.99999999999994,6941.0,78586.0,19533.0,10.0,68.0,100,18,172377.0,8238,880,4194
2020-07-14,1.111818697,5.670863866,0.091933571,465.00000000000006,6907.0,78670.0,19539.0,7.0,61.00000000000001,84,6,172888.0,8238,184,3806
2020-07-15,1.108672281,5.900320785,0.090351918,457.0,6873.0,78809.00000000001,19559.0,16.0,133.0,140,20,173304.0,8238,858,3959
2020-07-16,1.135201994,6.304105364,0.09015421099999998,456.0,6754.0,79025.0,19577.0,23.0,119.0,218,18,173838.0,8238,979,4231
2020-07-17,1.113265819,6.466513184,0.089363385,452.0,6646.0,79233.00000000001,19591.0,17.0,119.0,213,14,174674.0,8238,964,4340
2020-07-18,1.113096989,6.597631423,0.088967972,449.99999999999994,6614.0,79322.0,19599.0,6.000000000000001,68.0,90,8,175639.0,8238,445,4428
2020-07-19,1.122187056,6.709379923,0.088572558,448.00000000000006,6583.0,79384.00000000001,19600.0,4.0,36.0,65,1,176404.0,8238,192,4503
2020-07-20,1.126789871,6.938836843,0.08738631900000002,442.0,6547.0,79530.00000000001,19616.0,18.0,137.0,148,16,176754.0,8238,1034,4657
2020-07-21,1.139495702,8.303658519,0.085013839,430.0,6440.0,79723.0,19629.0,12.0,109.0,196,13,177338.0,8238,1100,5573
2020-07-22,1.182588157,8.773002218,0.08303677299999998,420.0,6324.0,79946.00000000001,19636.0,17.0,132.0,225,7,178336.0,8238,1173,5888
2020-07-23,1.207885433,9.030768757,0.081257414,411.0,5915.0,80461.00000000001,19646.0,12.999999999999998,123.0,519,14,179398.0,14234,1152,6061
2020-07-24,1.264614792,9.497132496,0.076117042,385.0,5678.0,80804.0,19656.0,16.0,126.0,344,13,180528.0,8238,1278,6374
2020-07-25,1.293188471,9.768308856,0.07275603,368.0,5634.0,80915.0,19664.0,8.0,86.0,115,8,181636.0,8238,627,6556
2020-07-26,1.3006891999999999,9.875587415,0.072558323,367.0,5640.0,80947.00000000001,19665.0,1.0,36.0,34,1,182565.0,8238,264,6628
2020-07-27,1.352710043,10.46412951,0.07394227,374.0,5614.0,81071.0,19673.0,24.999999999999996,118.0,127,9,183079.0,8238,1429,7023
2020-07-28,1.365492694,10.86046419,0.071372084,361.0,5510.0,81300.00000000001,19688.0,22.0,172.0,236,15,183804.0,8238,1366,7289
2020-07-29,1.374601548,11.31490809,0.070383551,356.0,5409.0,81489.00000000001,19703.0,14.0,118.0,191,15,185196.0,8238,1478,7594
2020-07-30,1.402488359,11.90643015,0.070581257,357.0,5334.0,81656.0,19719.0,14.0,116.0,174,16,186573.0,8238,1549,7991
2020-07-31,1.4308970950000002,12.44133297,0.068604191,347.0,5257.0,81870.00000000001,19730.0,16.0,152.0,216,11,187919.0,8238,1637,8350
2020-08-01,1.448696054,12.690159629999998,0.068011072,344.0,5177.0,82016.00000000001,19736.0,11.0,77.0,149,6,189547.0,8238,794,8517
2020-08-02,1.442790628,12.669299909999998,0.068208778,345.0,5188.0,82029.00000000001,19737.0,3.0,25.0,13,1,190739.0,8238,250,8503
2020-08-03,1.519774616,13.55136807,0.071174377,360.0,5157.0,82155.0,19759.0,29.0,142.0,142,22,191295.0,8238,2021,9095
2020-08-04,1.621759312,14.51389514,0.071965204,364.0,5121.0,82307.0,19770.0,21.0,139.0,155,11,192334.0,8238,2012,9741
2020-08-05,1.706035869,15.23355548,0.071174377,360.0,5107.0,82449.00000000001,19779.0,15.0,137.0,144,9,194029.0,8238,1961,10224
2020-08-06,1.795537328,16.15138316,0.072360617,366.0,5019.0,82659.0,19786.0,21.0,141.0,211,7,195633.0,8238,2165,10840
2020-08-07,1.899830425,17.14370984,0.070976671,359.0,4970.0,82825.00000000001,19798.0,20.0,136.0,168,12,197921.0,8238,2303,11506
2020-08-08,1.9273759099999999,17.458095619999998,0.072360617,366.0,4981.0,82881.00000000001,19800.0,12.0,73.0,59,2,200105.0,8238,1005,11717
2020-08-09,1.956731069,17.7426818,0.07275603,368.0,4992.0,82886.00000000001,19800.0,4.0,14.0,5,0,201990.0,8238,441,11908
2020-08-10,2.0829650290000004,18.959995449999997,0.073546856,372.0,5004.0,83036.0,19814.0,28.0,180.0,151,14,202775.0,8238,2838,12725
2020-08-11,2.1974004940000005,19.973181849999996,0.072558323,367.0,4971.0,83226.00000000001,19829.0,21.0,191.0,193,15,204172.0,8238,2692,13405
2020-08-12,2.3338385430000006,21.36035323,0.070185844,355.0,4850.0,83461.0,19846.0,17.0,143.0,241,18,206696.0,8238,2892,14336
2020-08-13,2.511942796,23.4180156,0.069395018,351.0,4824.0,83651.00000000001,19863.0,24.999999999999996,201.0,203,17,209365.0,8238,3546,15717
2020-08-14,2.6729462540000006,25.76622408,0.068011072,344.0,4788.0,83836.00000000001,19881.0,20.0,173.0,191,19,212211.0,8238,3878,17293
2020-08-15,2.7291926660000003,25.41607878,0.069790431,353.0,4817.0,83880.0,19884.0,15.0,87.0,49,4,215521.0,9460,770,17058
2020-08-16,2.748135727,25.78559382,0.069790431,353.0,4820.0,83909.00000000001,19885.0,2.0,33.0,28,1,218536.0,9460,689,17306
2020-08-17,2.927320961,29.03524019,0.071372084,361.0,4885.0,84053.00000000001,19904.0,34.0,234.0,148,19,219029.0,8238,5019,19487
2020-08-18,3.061511733,32.08522924,0.070581257,357.0,4783.0,84297.00000000001,19920.0,28.0,185.0,255,17,221267.0,8238,4739,21534
2020-08-19,3.187851616,35.00410005,0.07156979,362.0,4781.0,84440.0,19937.0,31.0,162.0,160,17,225043.0,9460,4851,23493
2020-08-20,3.257880702,37.37167827,0.07275603,368.0,4723.0,84615.0,19949.0,28.0,149.0,187,12,229814.0,9460,5135,25082
2020-08-21,3.280252714,39.23713322,0.072558323,367.0,4720.0,84802.00000000001,19972.0,37.0,210.0,188,23,234400.0,9460,5131,26334
2020-08-22,3.2914980089999997,41.42442386,0.07275603,368.0,4685.0,84923.00000000001,19980.0,10.0,114.0,139,12,238002.0,9460,2238,27802
2020-08-23,3.323544184,41.90270744,0.07334915,371.0,4683.0,84946.00000000001,19981.0,6.000000000000001,29.0,24,1,242899.0,9460,1010,28123
2020-08-24,3.4297852349999998,44.82008827,0.076512456,387.0,4664.0,85172.00000000001,19996.0,43.0,233.0,231,15,244854.0,9460,6977,30081
2020-08-25,3.538196983,47.8864671,0.079280348,401.0,4578.0,85494.00000000001,20016.0,48.99999999999999,265.0,334,22,248157.99999999997,11746,6797,32139
2020-08-26,3.5966758859999994,50.608660549999996,0.073744563,373.0,4535.0,85731.00000000001,20034.0,21.0,215.0,242,19,253587.0,9460,6678,33966
2020-08-27,3.67360386,53.99538508,0.074139976,375.0,4517.0,85954.0,20046.0,32.0,225.0,225,15,259697.99999999997,9460,7408,36239
2020-08-28,3.781219669,57.69798538,0.075326216,381.0,4517.0,86147.0,20065.0,32.0,241.0,204,19,267077.0,9460,7616,38724
2020-08-29,3.799255304,58.866129689999994,0.077896402,394.0,4512.0,86268.0,20071.0,28.0,135.0,127,6,272530.0,9460,3022,39508
2020-08-30,3.813395351,59.31908361,0.078291815,396.0,4517.0,86280.0,20075.0,5.0,23.0,13,4,277943.0,9460,1314,39812
2020-08-31,3.9416739540000005,63.06191336,0.079675761,403.0,4564.0,86439.0,20104.0,45.0,254.0,163,29,281025.0,9460,9489,42324
2020-09-01,4.068616307,66.13425211,0.08264136,418.0,4586.0,86682.0,20123.0,54.0,300.0,252,19,286007.0,9460,8859,44386
2020-09-02,4.23526408,69.69977425,0.086990905,440.0,4614.0,86933.0,20148.0,57.0,317.0,258,26,293024.0,9460,9071,46779
2020-09-03,4.412673491,73.19824728,0.090549624,458.00000000000006,4625.0,87176.0,20168.0,55.0,307.0,252,21,300181.0,9460,9756,49127
2020-09-04,4.564627367,76.87998785,0.09232898399999999,466.99999999999994,4653.0,87417.0,20186.0,46.0,292.0,247,19,309156.0,9460,10087,51598
2020-09-05,4.619941411,78.41317726,0.094108343,476.0,4667.0,87549.00000000001,20198.0,23.0,168.0,137,12,317706.0,9460,4051,52627
2020-09-06,4.631562506,78.64561414,0.09489917,480.0,4697.0,87578.00000000001,20201.0,8.0,66.0,28,3,324777.0,9460,1470,52783
2020-09-07,4.785378484,82.77881865,0.104982206,531.0,4889.0,87806.0,20226.0,83.0,448.0,236,25,328980.0,9460,12263,55557
2020-09-08,4.845009667,86.95672256,0.11229735099999999,568.0,4942.0,88196.0,20265.0,86.0,490.0,402,39,335524.0,8635,11663,58361
2020-09-09,4.864058616,90.32705731,0.11724001599999999,593.0,4985.0,88494.0,20295.0,71.0,386.0,304,30,344101.0,11746,11333,60623
2020-09-10,4.85874729,93.74954136999999,0.12020561500000002,608.0,5077.0,88712.0,20314.0,54.0,352.0,229,19,353944.0,9460,12053,62919
2020-09-11,4.788777838,95.5345374,0.124159747,628.0,5136.0,89029.0,20354.0,64.0,447.0,332,40,363350.0,11746,11285,64118
2020-09-12,4.786919328,96.1975785,0.129497825,655.0,5176.0,89201.00000000001,20371.0,50.99999999999999,243.0,180,17,373911.0,9460,4496,64563
2020-09-13,4.792582803,96.34359654,0.130881771,662.0,5228.0,89240.0,20377.0,18.0,98.0,40,6,381094.0,9460,1568,64661
2020-09-14,4.87211196,100.0283171,0.139383155,705.0,5479.0,89477.0,20411.0,103.99999999999999,545.0,247,34,387252.0,9460,14735,67134
2020-09-15,4.921968959,102.8086197,0.148675366,752.0,5660.0,89861.0,20447.0,117.0,642.0,397,37,395104.0,8635,13529,69000
2020-09-16,5.036118966,105.9629074,0.15737445600000002,796.0,5800.0,90305.0,20493.0,99.99999999999999,649.0,450,46,404888.0,8635,13450,71117
2020-09-17,5.177767946,108.46458379999999,0.15678133600000002,792.9999999999999,5825.0,90810.0,20543.0,81.0,599.0,514,50,415481.0,8635,13732,72796
2020-09-18,5.377266319,111.4445438,0.162119415,820.0,5800.0,91544.0,20665.0,99.99999999999999,850.0,754,123,428696.0,19929,13285,74796
2020-09-19,5.455332357,112.4979597,0.163503361,826.9999999999999,5493.0,92289.00000000001,20690.0,73.0,470.0,753,26,442194.0,14234,5203,75503
2020-09-20,5.469966460999999,112.85108489999999,0.16488730700000004,833.9999999999999,5356.0,92552.00000000001,20701.0,24.0,139.0,266,12,452763.0,9460,1805,75740
2020-09-21,5.67587282,114.1995168,0.18030842199999997,912.0,5597.0,92978.0,20754.0,143.0,754.0,440,53,458061.0,8635,15641,76645
2020-09-22,5.932856745,115.2335629,0.186635034,943.9999999999999,5777.0,93508.0,20821.0,130.0,783.0,538,68,468069.00000000006,14358,14223,77339
2020-09-23,6.105966902999999,114.5526421,0.19671806999999997,994.9999999999999,5913.0,93952.0,20864.0,124.0,649.0,459,43,481141.0,11767,12993,76882
2020-09-24,6.223612684,113.04776230000002,0.205812574,1041.0,6012.0,94383.0,20916.0,124.0,613.0,456,53,497236.99999999994,11767,12722,75872
2020-09-25,6.316275248,111.5503324,0.21589561099999996,1092.0,6110.0,94860.00000000001,20971.0,129.0,661.0,496,56,513034.00000000006,11767,12280,74867
2020-09-26,6.331191053,110.9513604,0.218465797,1105.0,6154.0,95272.0,21010.0,89.0,503.0,422,41,527446.0,11767,4801,74465
2020-09-27,6.329290286999999,110.3285488,0.219849743,1112.0,6235.0,95395.00000000001,21037.0,47.0,241.0,126,27,538569.0,9584,1387,74047
2020-09-28,6.311045314,107.4707672,0.22894424700000002,1158.0,6397.0,95743.00000000001,21118.0,137.0,619.0,356,81,542639.0,11767,13723,72129
2020-09-29,6.31575938,105.3326459,0.236852511,1198.0,6482.0,96296.00000000001,21177.0,165.0,698.0,565,59,550690.0,14358,12788,70694
2020-09-30,6.435652535,105.83774909999998,0.24357453500000004,1232.0,6572.0,96766.0,21240.0,135.0,650.0,482,64,563535.0,11767,13332,71033
2020-10-01,6.666465619,108.6925507,0.248912614,1259.0,6634.0,97240.0,21303.0,142.0,626.0,485,63,577505.0,11767,14638,72949
2020-10-02,7.040526121,114.5288024,0.251087386,1270.0,6740.0,97747.00000000001,21350.0,120.0,721.0000000000001,527,48,589653.0,11767,16197,76866
2020-10-03,7.227735047,118.1420039,0.254843812,1289.0,6740.0,98199.00000000001,21393.0,102.99999999999999,532.0,463,49,606625.0,11767,7226,79291
2020-10-04,7.271097195000001,119.027052,0.263938316,1335.0,6964.0,98343.00000000001,21425.0,91.0,418.0,148,32,619190.0,9584,1981,79885
2020-10-05,7.877901696,130.5282076,0.278568604,1409.0,7276.0,98649.0,21494.0,152.0,710.0,316,70,624274.0,10633,21442,87604
2020-10-06,8.376785561,140.7718201,0.280150257,1417.0,7377.0,99264.0,21556.0,168.0,829.0,636,65,634763.0,14330,19663,94479
2020-10-07,8.858202674,151.7917121,0.277975484,1406.0,7514.0,99762.0,21636.0,143.0,789.0,545,80,653509.0,12919,20728,101875
2020-10-08,9.258372237,163.5819238,0.280347964,1418.0,7603.0,100275.0,21712.0,114.0,711.0,524,76,671638.0,12919,22551,109788
2020-10-09,9.536777233,175.3229662,0.284499802,1439.0,7843.000000000001,100797.0,21774.0,150.0,848.0,534,61,691977.0,12919,24077,117668
2020-10-10,9.682146884,181.4184744,0.287860815,1456.0,7976.0,101280.00000000001,21828.0,110.0,694.0,495,54,718873.0,15608,11317,121759
2020-10-11,9.730244995,183.26902949999996,0.293198893,1483.0,8231.0,101460.0,21874.0,73.0,503.0,184,46,734974.0,9162,3223,123001
2020-10-12,10.12630816,198.5681441,0.304270463,1539.0,8671.0,101868.00000000001,21969.0,171.0,976.0,417,96,743479.0,10314,31709,133269
2020-10-13,10.38034524,211.8736655,0.322854883,1633.0,8928.0,102649.0,22053.0,226.0,1168.0,802,87,756472.0,17824,28593,142199
2020-10-14,10.489661319999998,223.90376400000002,0.328983788,1664.0,9173.0,103382.00000000001,22157.0,192.99999999999997,1133.0,755,104,779063.0,17824,28802,150273
2020-10-15,10.644276370000002,238.0183445,0.344207197,1740.9999999999998,9584.0,104051.00000000001,22245.0,219.0,1207.0000000000002,687,88,809684.0,17824,32024,159746
2020-10-16,10.828071109999998,252.2238138,0.354092527,1791.0,10021.0,104665.00000000001,22367.0,211.99999999999997,1225.0,637,122,834770.0,17824,33611,169280
2020-10-17,10.89595474,258.1420143,0.369315935,1867.9999999999998,10399.0,105163.00000000001,22456.0,175.0,986.0,506,89,867197.0,15608,15289,173252
2020-10-18,10.93590503,260.3501647,0.38335310400000006,1938.9999999999998,10897.0,105400.00000000001,22541.0,147.0,835.0,245,85,897034.0,13322,4705,174734
2020-10-19,11.44345516,280.5691932,0.413206801,2090.0,11640.0,105904.00000000001,22687.0,269.0,1424.0,517,146,910277.0,16689,45280,188304
2020-10-20,12.10224021,304.0617078,0.428627916,2168.0,12435.0,106808.0,22849.0,278.0,1943.0,923,163,930744.9999999999,19204,44360,204071
2020-10-21,12.80565175,330.8187686,0.442665085,2239.0,13162.0,107621.0,23012.0,284.0,1754.0,825,166,957421.0,17979,46760,222029
2020-10-22,13.48941157,359.2818565,0.456702254,2310.0,14009.0,108568.00000000001,23174.0,262.0,1998.0,973,165,999043.0000000001,19204,51127,241132
2020-10-23,14.19076659,391.7127611,0.480822459,2432.0,14985.0,109455.00000000001,23358.0,299.0,2091.0,907,184,1041075.0,21631,55376,262898
2020-10-24,14.51960027,406.40843379999995,0.492487149,2491.0,15637.0,110291.0,23495.0,233.0,1667.0000000000002,845,138,1086497.0,18510,25152,272761
2020-10-25,14.60755332,410.32112119999994,0.509094504,2575.0,16454.0,110629.00000000001,23611.0,191.0,1298.0,344,116,1138507.0,12833,7331,275387
2020-10-26,15.32240079,445.2879718,0.545867932,2761.0,17761.0,111316.00000000001,23868.0,357.0,2314.0,712,258,1165278.0,8819,68748,298855
2020-10-27,15.720057420000002,470.8634784,0.575128509,2909.0,18955.0,112685.0,24156.0,431.0,2988.0,1407,292,1198695.0,27854,61525,316020
2020-10-28,15.87946353,486.013595,0.600237248,3036.0,20184.0,113946.00000000001,24400.0,372.0,2821.0,1304,244,1235132.0,27749,56927,326188
2020-10-29,15.8838914,493.535014,0.622182681,3147.0,21160.000000000004,115256.0,24635.0,395.0,2607.0,1364,250,1282769.0,27749,56175,331236
2020-10-30,15.82690472,498.30146010000004,0.66587584,3367.9999999999995,22153.000000000004,116502.0,24890.0,421.99999999999994,2563.0,1293,256,1331984.0,27347,58575,334435
2020-10-31,15.77874036,499.9821575,0.680703836,3443.0,23013.0,117563.00000000001,25113.0,339.0,2274.0,1125,224,1367625.0,27897,26280,335563
2020-11-01,15.762704530000002,499.4472547,0.705614868,3568.9999999999995,24008.000000000004,118196.00000000001,25344.0,289.0,1883.0,651,231,1413915.0,14598,6972,335204
2020-11-02,15.73595303,501.4617076,0.7356662709999999,3721.0,25120.0,119073.0,25760.0,430.0,2547.0,924,418,1466433.0,23268,70100,336556
2020-11-03,15.591227510000001,497.857446,0.764926849,3868.9999999999995,26242.000000000004,120683.0,26186.000000000004,469.0,3311.0,1667,430,1502763.0,29687,59106,334137
2020-11-04,15.37128625,487.7211121000001,0.806642942,4080.0,27511.0,122631.00000000001,26571.0,540.0,3681.0,1994,394,1543321.0,32566,50125,327334
2020-11-05,14.99430111,473.96114679999994,0.834519573,4221.0,28403.0,124247.0,26934.0,447.0,2989.0,1688,367,1601367.0,29687,46940,318099
2020-11-06,14.50425526,453.75403810000006,0.854290233,4321.0,28955.000000000004,126297.99999999999,27332.0,434.0,3140.0,2100,405,1661853.0,32566,45014,304537
2020-11-07,14.25247867,441.3320749,0.871886121,4410.0,29396.0,127907.00000000001,27636.0,393.99999999999994,2458.0,1663,306,1748705.0,29383,17943,296200
2020-11-08,14.19877717,437.46855680000004,0.8950177939999999,4527.0,30217.0,128582.99999999999,27905.999999999996,323.0,1814.0,693,271,1787324.0000000002,24519,4379,293607
2020-11-09,13.46522273,404.0185058,0.9246737839999999,4677.0,31098.0,129704.0,28454.0,484.0,2670.0,1162,551,1807479.0000000002,22124,47650,271157
2020-11-10,12.632182299999998,371.71424959999996,0.9363384740000001,4736.0,31476.999999999996,131889.0,28919.999999999996,472.0,3168.0,2251,472,1829659.0000000002,32566,37425,249476
2020-11-11,12.11439838,305.0465846,0.9468169239999998,4789.0,31918.0,133665.0,29247.999999999996,351.0,2588.0,1826,329,1865537.9999999998,27786,5381,204732
2020-11-12,11.59914333,289.5373828,0.9655990510000001,4884.0,32654.0,134923.0,29673.0,385.99999999999994,2371.0,1254,418,1898710.0,33172,36531,194323
2020-11-13,11.05580877,265.5680746,0.966192171,4887.0,32676.0,137124.0,30129.0,473.00000000000006,2841.0,2266,467,1922504.0000000002,23794,28927,178236
2020-11-14,10.816067,255.22761340000002,0.95986556,4855.0,32467.999999999996,139110.0,30482.999999999996,327.0,2202.0,2026,359,1954599.0,32095,11003,171296
2020-11-15,10.76412002,252.7423268,0.9648082249999999,4880.0,33050.0,139779.0,30785.000000000004,270.0,1574.0,685,302,1981826.9999999998,27227,2711,169628
2020-11-16,10.19516011,226.9790827,0.969355476,4903.0,33466.0,140849.0,31291.0,366.0,2065.0,1117,508,1991233.0,9406,30359,152337
2020-11-17,9.722898772,203.720495,0.956504547,4838.0,33139.0,143121.0,31719.0,382.0,2513.0,2326,437,2036755.0,45522,21815,136727
2020-11-18,9.548323637,221.5838651,0.9408857260000001,4759.0,32811.0,145360.0,32144.0,361.0,2435.0,2294,427,2065138.0000000002,28383,17370,148716
2020-11-19,8.950349444,192.246159,0.91676552,4637.0,32313.999999999996,147538.0,32573.0,311.0,2221.0,2230,436,2086288.0,21150,16841,129026
2020-11-20,8.412516294,173.3755623,0.902728351,4566.0,31875.000000000004,149490.0,32954.0,264.0,1968.0,1970,385,2109170.0,22882,16261,116361
2020-11-21,8.185506058,167.7911173,0.8882957689999998,4493.0,31364.999999999996,151146.0,33207.0,220.0,1515.0,1687,276,2127051.0,17881,7255,112613
2020-11-22,8.132443525,166.4814249,0.887900356,4491.0,31522.0,151650.0,33421.0,171.0,906.0,513,215,2140208.0,13157,1832,111734
2020-11-23,7.540456151,147.707677,0.8774219059999999,4438.0,31449.000000000004,152561.0,33921.0,244.0,1380.0,960,501,2144660.0,4452,17759,99134
2020-11-24,7.165136243,135.6790684,0.845591143,4277.0,30593.999999999996,154648.0,34374.0,270.0,1786.0,2135,456,2153815.0,9155,13742,91061
2020-11-25,6.898356579,128.6255031,0.817714512,4136.0,29944.000000000004,156521.0,34755.0,258.0,1676.9999999999998,1928,384,2170097.0,16282,12636,86327
2020-11-26,6.696674973,122.20666930000002,0.792012653,4006.0,29282.000000000004,158205.0,35094.0,192.0,1460.0,1729,340,2183660.0,13563,12533,82019
2020-11-27,6.513583845,116.5462353,0.765322262,3871.0,28620.0,159884.0,35487.0,205.99999999999997,1471.0,1720,396,2196119.0,12459,12463,78220
2020-11-28,6.439862216,114.7940188,0.744365362,3765.0,28139.0,161106.0,35700.0,122.0,976.0,1237,213,2208699.0,12580,6079,77044
2020-11-29,6.426601882,114.4602633,0.7402135230000001,3744.0,28284.0,161396.0,35898.0,101.99999999999999,652.0,306,198,2218483.0,9784,1608,76820
2020-11-30,6.392255822999999,111.64271109999999,0.73922499,3738.9999999999995,28229.0,162250.0,36304.0,195.99999999999997,1257.0,888,408,2222488.0,4005,15867,74929
2020-12-01,6.360912732,109.644648,0.7105575329999999,3594.0,27611.000000000004,163998.0,36667.0,234.0,1572.0,1768,365,2230571.0,8082,12401,73588
2020-12-02,6.341524006,108.0190798,0.6876235669999999,3478.0,26986.0,165532.0,36976.0,161.0,1253.0,1549,312,2244635.0,14064,11545,72497
2020-12-03,6.33401652,107.2889896,0.675168051,3415.0,26675.000000000004,166909.0,37300.0,184.0,1450.0,1403,326,2257331.0,12696,12043,72007
2020-12-04,6.331983948,107.4394776,0.649070779,3283.0,26283.0,168321.0,37582.0,165.0,1400.0,1434,284,2268552.0,11221,12564,72108
2020-12-05,6.338968787,108.19042749999998,0.636615263,3220.0,26040.000000000004,169327.0,37796.0,125.0,1019.0,1041,216,2281475.0,12923,6583,72612
2020-12-06,6.337893211,108.4079646,0.634638197,3210.0,26262.000000000004,169555.0,37970.0,100.99999999999999,627.0000000000001,236,175,2292497.0,11022,1753,72758
2020-12-07,6.351082192,109.7012672,0.630288652,3188.0,26333.0,170254.0,38336.0,202.99999999999997,1206.0,706,366,2295908.0,3411,16736,73626
2020-12-08,6.292902117999999,110.9692402,0.608540925,3078.0,25882.000000000004,171837.0,38713.0,214.0,1597.0,1620,380,2309621.0,13713,13252,74477
2020-12-09,6.260019621999999,112.7557262,0.599248715,3031.0,25526.000000000004,173216.0,39009.0,170.0,1380.0,1423,296,2324216.0,14595,12744,75676
2020-12-10,6.242408952,115.02198579999998,0.583036773,2949.0,25199.0,174627.0,39301.0,191.0,1445.0,1438,297,2337966.0,13750,13564,77197
2020-12-11,6.177449226,117.2882453,0.568208778,2874.0,24943.000000000004,175860.0,39605.0,180.0,1340.0,1241,306,2351372.0,13406,14084,78718
2020-12-12,6.137580267,119.1715801,0.563661526,2851.0,24948.000000000004,176712.0,39799.0,127.0,1097.0,874,199,2365319.0,13947,7847,79982
2020-12-13,6.124007411999999,119.6096342,0.565638592,2861.0,25207.000000000004,176964.0,39949.0,89.0,669.0,266,150,2376852.0,11533,2048,80276
2020-12-14,6.063188937,124.00805509999999,0.572558323,2896.0,25449.000000000004,177616.0,40320.0,209.99999999999997,1324.0,693,372,2379915.0,3063,19688,83228
2020-12-15,5.88543554,128.0131214,0.567615658,2871.0,25207.000000000004,179056.0,40627.0,210.99999999999997,1562.0,1476,314,2391447.0,11532,15940,85916
2020-12-16,5.571713748,131.9556084,0.561486754,2840.0,25282.000000000004,180280.0,40916.0,220.0,1664.0,1263,292,2409062.0,17615,15389,88562
2020-12-17,5.151953428,135.3944823,0.553183076,2798.0,25149.0,181475.0,41174.0,151.0,1364.0,1233,261,2427316.0,18254,15872,90870
2020-12-18,4.667651915,140.4708441,0.546461052,2764.0,24945.0,182634.0,41429.0,176.0,1285.0,1188,264,2442990.0,15674,17492,94277
2020-12-19,4.368216481,144.6934474,0.537366548,2718.0,24819.0,183540.0,41618.0,123.0,1004.0,916,190,2460555.0,17565,10681,97111
2020-12-20,4.281946648,147.105725,0.542704626,2745.0,24961.000000000004,183775.0,41749.0,91.0,599.0,245,131,2473354.0,12799,3666,98730
2020-12-21,3.797575684,149.4822431,0.541122974,2737.0,25201.000000000004,184433.0,42100.0,179.0,1284.0,689,354,2479151.0,5797,21283,100325
2020-12-22,3.357964136,153.0462753,0.537564255,2719.0,24932.000000000004,186027.0,42481.0,256.0,1783.0,1621,385,2490946.0,11795,18332,102717
2020-12-23,3.0227260200000003,155.1933365,0.534005536,2701.0,24852.0,187241.0,42757.0,199.99999999999997,1426.0,1235,278,2505875.0,14929,16831,104158
2020-12-24,2.8412309409999996,150.8887842,0.522538553,2643.0,24607.000000000004,188608.0,43047.0,187.0,1454.0,1390,292,2527509.0,21634,12983,101269
2020-12-25,2.7252567449999994,126.76600810000001,0.517200474,2616.0,24359.000000000004,189414.0,43206.0,112.0,743.0,808,159,2547771.0,20262,1302,85079
2020-12-26,2.796538382,125.38330669999999,0.521945433,2640.0,24444.0,189687.0,43352.0,100.99999999999999,513.0,289,146,2550864.0,3093,9753,84151
2020-12-27,2.80980842,123.0440381,0.523922499,2650.0,24620.000000000004,189910.0,43525.0,107.0,589.0,239,175,2559686.0,8822,2097,82581
2020-12-28,3.1566000809999997,124.20473250000002,0.53262159,2694.0,24645.000000000004,190691.0,43888.0,229.0,1216.9999999999998,806,364,2562646.0,2960,22062,83360
2020-12-29,3.738989221,126.00313830000002,0.527085805,2666.0,24743.000000000004,191775.0,44272.0,251.0,1627.0,1138,388,2574041.0,11395,19539,84567
2020-12-30,4.497705981,129.529921,0.524317912,2652.0,24560.0,193014.0,44575.0,208.99999999999997,1404.0,1266,304,2600498.0,26457,19198,86934
2020-12-31,5.055752632,133.3576796,0.518979834,2625.0,24407.000000000004,194190.0,44826.0,177.0,1317.0,1188,252,2620425.0,19927,15552,89503
2021-01-01,5.084653548,133.6780253,0.515816528,2609.0,24263.0,194870.0,44959.0,98.99999999999999,677.0,687,133,2639773.0,19348,1517,89718
2021-01-02,5.295904389,139.1134723,0.52036378,2632.0,24458.000000000004,195143.0,45115.0,100.99999999999999,646.0,285,157,2643239.0,3466,13401,93366
2021-01-03,5.341130227999999,140.1877479,0.526888098,2665.0,24780.0,195355.0,45231.0,100.99999999999999,657.0,224,116,2655728.0,12488,2818,94087
2021-01-04,5.622880339,148.7625828,0.525306445,2657.0,24962.0,196006.0,45609.0,246.0,1262.0,672,380,2659750.0,4022,27817,99842
2021-01-05,5.838697722,152.5769316,0.517200474,2616.0,24871.000000000004,197472.0,45954.0,245.0,1747.0,1474,346,2680239.0,20489,22099,102402
2021-01-06,6.126710856,152.995616,0.515421115,2607.0,24708.000000000004,198725.0,46237.0,234.0,1438.0,1265,291,2705618.0,25379,19479,102683
2021-01-07,6.324322194,157.7710018,0.508699091,2573.0,24488.0,200048.0,46513.0,181.0,1441.0,1362,277,2727321.0,21703,18757,105888
2021-01-08,6.288828198999999,184.41780410000004,0.515223408,2606.0,24377.000000000004,201255.0,46789.0,245.0,1445.0,1230,281,2747135.0,19814,19401,123772
2021-01-09,6.275763761,180.7226537,0.514037169,2600.0,24240.000000000004,202134.0,46957.0,143.0,944.0,885,171,2767312.0,20177,10921,121292
2021-01-10,6.278951065,180.3576086,0.517991301,2620.0,24526.000000000004,202398.0,47108.0,118.0,729.0,286,151,2783256.0,15944,2573,121047
2021-01-11,6.332201749,177.7605735,0.527085805,2666.0,24812.000000000004,203041.0,47418.0,207.99999999999997,1289.0,687,310,2786837.0,3581,26074,119304
2021-01-12,6.26266211,175.115859,0.529458284,2678.0,24703.0,204359.0,47773.0,258.0,1660.0,1362,362,2806590.0,19753,20324,117529
2021-01-13,6.278965345999999,175.6462919,0.534005536,2701.0,24735.000000000004,205641.0,48002.0,207.99999999999997,1588.0,1290,232,2830442.0,23852,19835,117885
2021-01-14,6.345917631,177.4327779,0.536971135,2716.0,24983.000000000004,206771.0,48284.0,205.99999999999997,1691.0,1143,283,2851670.0,21228,19956,119084
2021-01-15,6.412930524,179.6677479,0.539739027,2730.0,25009.000000000004,208040.0,48564.0,249.0,1634.0,1303,288,2872941.0,21271,20901,120584
2021-01-16,6.416388669999999,181.0057499,0.539936734,2731.0,24985.000000000004,209025.0,48757.0,188.0,1199.0,1007,196,2894347.0,21406,11819,121482
2021-01-17,6.424741084,181.4050645,0.546856465,2766.0,25235.0,209312.0,48898.0,136.0,698.0,291,141,2910989.0,16642,2841,121750
2021-01-18,6.640232797000001,185.9450336,0.554171609,2803.0,25584.0,210169.0,49301.0,254.0,1666.0,882,404,2914725.0,3736,29121,124797
2021-01-19,6.77541453,189.5001259,0.559311981,2829.0,25532.000000000004,211785.0,49670.0,315.0,1995.0,1622,372,2938333.0,23608,22710,127183
2021-01-20,6.832411439,191.9764726,0.561882167,2842.0,25650.0,213211.0,49980.0,292.0,1911.0,1461,316,2965117.0,26784,21497,128845
2021-01-21,6.856999321,194.8282943,0.566627125,2866.0,25699.000000000004,214507.0,50326.0,253.0,1759.0,1327,358,2987965.0,22848,21870,130759
2021-01-22,6.837179175000001,197.6920359,0.573744563,2902.0,25872.0,215791.0,50644.99999999999,270.0,1861.0,1308,323,3011257.0,23292,22823,132681
2021-01-23,6.861723998,199.171586,0.570581257,2886.0,25864.000000000004,216694.0,50874.99999999999,172.0,1174.0,927,231,3035181.0,23924,12812,133674
2021-01-24,6.865848995,199.0434477,0.584223013,2955.0,26357.0,216934.0,51047.0,175.0,918.0,246,172,3053617.0,18436,2755,133588
2021-01-25,6.84154631,200.1296432,0.599248715,3031.0,26888.000000000004,217677.0,51492.00000000001,299.0,1773.0,769,449,3057857.0,4240,29849,134317
2021-01-26,6.750973322,199.37869319999996,0.607156979,3071.0,27005.0,219121.0,51842.0,343.0,2005.9999999999998,1485,352,3079943.0,22086,22206,133813
2021-01-27,6.662266561,198.8288906,0.612297351,3097.0,27131.0,220539.0,52192.0,318.0,1933.0,1441,351,3106859.0,26916,21128,133444
2021-01-28,6.534848395,199.6036802,0.613088177,3101.0,27128.0,221872.0,52536.0,272.0,1726.0,1362,348,3130629.0,23770,22390,133964
2021-01-29,6.433283702,199.95680550000003,0.616844603,3120.0,27270.000000000004,223143.0,52890.99999999999,271.0,1823.0,1304,356,3153487.0,22858,23060,134201
2021-01-30,6.383950836,200.06855399999998,0.61348359,3103.0,27242.0,224089.0,53133.0,192.0,1176.0,942,242,3177879.0,24391,12887,134276
2021-01-31,6.398942459,200.64964620000003,0.622380388,3148.0,27573.000000000004,224375.0,53328.0,148.0,816.0,298,195,3197114.0,19235,3145,134666
2021-02-01,6.420539785,200.9297624,0.63621985,3218.0,27874.000000000004,225288.0,53783.00000000001,318.0,1750.0,939,456,3201461.0,4347,30038,134854
2021-02-02,6.37780852,201.7492514,0.646500593,3270.0,28029.0,226865.0,54187.0,369.0,2188.9999999999995,1601,404,3224798.0,23337,22756,135404
2021-02-03,6.328476598000001,201.13835959999997,0.645907473,3267.0,27953.000000000004,228441.0,54544.0,275.0,1882.0,1591,358,3251160.0,26362,20718,134994
2021-02-04,6.250632954,198.6396632,0.640569395,3240.0,27766.0,229944.0,54901.0,275.0,1752.0,1537,359,3274608.0,23448,20713,133317
2021-02-05,6.137363252,196.26761500000003,0.639580862,3235.0,27572.0,231518.0,55194.00000000001,255.0,1719.0,1590,296,3296747.0,22139,21468,131725
2021-02-06,6.071087615,195.0950008,0.63562673,3215.0,27327.000000000004,232662.0,55385.0,168.0,1126.0,1147,191,3317333.0,20586,12100,130938
2021-02-07,6.047738568,194.2993514,0.64491894,3262.0,27652.000000000004,232946.0,55555.99999999999,160.0,790.0,291,171,3337048.0,19715,2611,130404
2021-02-08,5.92736833,187.81346849999997,0.6629102409999998,3353.0,27995.000000000004,233962.0,56014.0,356.0,1893.0,1043,460,3341365.0,4317,25685,126050
2021-02-09,5.808535386,183.4165375,0.658758403,3332.0,27634.0,235686.0,56450.0,334.0,1931.0,1764,439,3360235.0,18870,19805,123100
2021-02-10,5.699872061999999,179.7601266,0.654211151,3309.0,27417.000000000004,237082.0,56745.99999999999,282.0,1525.0,1430,297,3385622.0,25387,18264,120646
2021-02-11,5.564245609,174.9594111,0.65776987,3327.0,26963.0,238722.0,57106.0,269.0,1618.0,1673,371,3406685.0,21063,17491,117424
2021-02-12,5.458116525,170.5922797,0.652036378,3298.0,26424.000000000004,240259.0,57423.0,264.0,1404.9999999999998,1561,320,3427386.0,20701,18537,114493
2021-02-13,5.392840717,168.5882566,0.651245552,3294.0,26196.000000000004,241323.0,57622.00000000001,191.0,1085.0,1089,199,3448617.0,21231,10755,113148
2021-02-14,5.39319704,168.556967,0.652234085,3299.0,26401.0,241597.0,57788.99999999999,113.0,651.0,280,166,3465163.0,16546,2590,113127
2021-02-15,5.412308716000001,167.4901414,0.6664689599999999,3370.9999999999995,26478.0,242497.0,58201.00000000001,306.0,1431.0,934,413,3469539.0,4376,24969,112411
2021-02-16,5.458585301000001,167.3918027,0.659944642,3338.0,26195.0,244206.99999999997,58552.0,323.0,1857.0,1740,352,3489129.0,19590,19739,112345
2021-02-17,5.543865565,169.5075743,0.660340055,3339.9999999999995,25929.0,245706.0,58862.0,311.0,1559.0,1525,311,3514147.0,25018,19684,113765
2021-02-18,5.675026559,173.9909241,0.669039146,3384.0,25717.000000000004,247096.0,59133.0,262.0,1490.0,1411,272,3536648.0,22501,20500,116774
2021-02-19,5.8391836779999995,179.5470595,0.668248319,3379.9999999999995,25506.000000000004,248457.0,59458.0,309.0,1543.0,1422,328,3560764.0,24116,22266,120503
2021-02-20,5.913657639,182.191774,0.6660735469999999,3369.0,25269.000000000004,249519.99999999997,59641.00000000001,194.99999999999997,1029.0,1076,183,3583135.0,22371,12530,122278
2021-02-21,5.934569293,182.8488552,0.670620799,3392.0000000000005,25464.000000000004,249726.99999999997,59800.0,141.0,593.0,217,160,3605180.9999999995,22046,3031,122719
2021-02-22,6.21813526,189.08293150000003,0.673586398,3407.0,25831.000000000004,250532.0,60133.0,274.0,1529.0,823,333,3609827.0,4646,29153,126903
2021-02-23,6.39771009,192.72146260000002,0.679122183,3435.0000000000005,25660.000000000004,252083.00000000003,60443.0,345.0,1780.0,1575,314,3629891.0000000005,20064,22181,129344
2021-02-24,6.490654746,194.7537953,0.679319889,3435.9999999999995,25614.000000000004,253450.0,60720.0,319.0,1636.0,1396,278,3661410.0000000005,31519,21048,130709
2021-02-25,6.560719172,195.5360348,0.6781336500000001,3430.0,25317.000000000004,254868.00000000003,60981.0,301.0,1454.0,1444,261,3686813.0,25403,21025,131234
2021-02-26,6.567636231000001,194.55264799999998,0.681099249,3444.9999999999995,25130.000000000004,256326.00000000003,61265.0,303.0,1634.0,1488,286,3712020.0,25207,21606,130574
2021-02-27,6.591842078,194.6807863,0.6826809020000001,3453.0,24989.0,257258.0,61450.0,207.99999999999997,1007.0,938,186,3736016.0,23996,12616,130660
2021-02-28,6.5872220729999995,194.555628,0.690391459,3492.0,25280.000000000004,257554.99999999997,61572.0,164.0,728.0,297,122,3755968.0,19952,2947,130576
2021-03-01,6.571716093000001,191.9764726,0.700672202,3543.9999999999995,25430.0,258383.99999999997,61947.0,347.0,1393.0,857,379,3760671.0,4703,27422,128845
2021-03-02,6.54666203,190.4417932,0.70897588,3586.0,25263.0,259893.0,62247.0,366.0,1705.0,1541,301,3783527.9999999995,22857,21151,127815
2021-03-03,6.540652091,189.55525510000004,0.7190589170000001,3636.9999999999995,25111.0,261288.99999999997,62568.99999999999,322.0,1622.0,1412,326,3810316.0,26788,20453,127220
2021-03-04,6.496016966,188.7655657,0.71826809,3633.0000000000005,24891.000000000004,262690.0,62862.0,293.0,1538.0,1424,295,3835594.9999999995,25279,20495,126690
2021-03-05,6.478640728,189.22149960000002,0.727560301,3679.9999999999995,24765.000000000004,263919.0,63099.99999999999,324.0,1397.0,1254,239,3859102.0,23507,21912,126996
2021-03-06,6.501786409000001,190.83216799999997,0.72933966,3689.0000000000005,24625.000000000004,264909.0,63270.0,233.0,1097.0,998,173,3882408.0,23305,13697,128077
2021-03-07,6.50883881,191.12867399999996,0.740015817,3743.0,24818.000000000004,265295.0,63400.00000000001,187.0,720.0,389,130,3904233.0,21825,3146,128276
2021-03-08,6.582680574,193.9670859,0.760972716,3849.0,25195.0,266096.0,63758.99999999999,381.0,1584.0,840,359,3909560.0,5327,29327,130181
2021-03-09,6.605654322,197.6771361,0.774614472,3918.0000000000005,25201.000000000004,267539.0,64057.0,421.0,1810.0,1471,299,3932862.0000000005,23302,23641,132671
2021-03-10,6.686450772,202.67005910000003,0.774614472,3918.0000000000005,24969.0,269019.0,64321.0,343.0,1574.0,1513,266,3963165.0,30303,23804,136022
2021-03-11,6.667269259,208.81771649999996,0.789244761,3992.0000000000005,24858.000000000004,270433.0,64586.0,385.0,1609.0,1414,266,3990331.0000000005,27166,24621,140148
2021-03-12,6.670647115000001,215.5732858,0.797350732,4032.9999999999995,24749.0,271678.0,64809.0,306.0,1448.0,1262,228,4015560.0,25229,26446,144682
2021-03-13,6.727815541,220.53342920000003,0.8046658759999998,4069.9999999999995,24671.000000000004,272615.0,64977.99999999999,263.0,1087.0,968,174,4045318.9999999995,29759,17026,148011
2021-03-14,6.7553094609999995,222.1694273,0.815935152,4127.0,24989.0,272960.0,65118.00000000001,188.0,821.0,351,140,4071661.9999999995,26343,4244,149109
2021-03-15,7.037140922,236.25271820000003,0.83412416,4219.0,25469.000000000004,273771.0,65451.00000000001,401.0,1676.0,824,333,4078133.0,6471,38779,158561
2021-03-16,7.12327919,246.8569058,0.838078292,4239.0,25492.0,275360.0,65765.0,435.0,2005.0,1622,320,4108108.0,29975,30758,165678
2021-03-17,7.226357482,256.7429231,0.83412416,4219.0,25314.0,276993.0,66006.0,357.0,1745.0,1638,246,4146609.0,38501,30438,172313
2021-03-18,7.271230805,266.5529514,0.839462238,4246.0,25389.000000000004,278263.0,66274.0,382.0,1661.0,1297,273,4181607.0000000005,34998,31205,178897
2021-03-19,7.309929086000001,276.6162763,0.847568209,4287.0,25339.000000000004,279646.0,66559.0,383.0,1699.0,1426,297,4216695.0,35088,33200,185651
2021-03-20,7.338042011,282.1381422,0.860616845,4353.0,25537.000000000004,280571.0,66735.0,317.0,1348.0000000000002,955,185,4252022.0,35327,20732,189357
2021-03-21,7.351504224,283.2764869,0.8710952950000002,4406.0,25926.000000000004,280955.0,66873.0,195.99999999999997,926.0,385,138,4282603.0,30581,5008,190121
2021-03-22,7.475483680999999,295.4347236,0.899169632,4548.0,26488.000000000004,281885.0,67216.0,471.00000000000006,1902.0000000000002,955,344,4298395.0,15792,46939,198281
2021-03-23,7.514587973,306.356277,0.9161724,4634.0,26756.000000000004,283507.0,67503.0,488.0,2286.0,1669,292,4313073.0,14678,38088,205611
2021-03-24,7.538385554,316.334673,0.919533412,4651.0,26876.0,285199.0,67748.0,384.0,2130.0,1710,247,4378446.0,65373,37136,212308
2021-03-25,7.539126427,326.7973126,0.931000395,4709.0,27036.0,286607.0,67973.0,407.99999999999994,1860.0,1432,228,4424087.0,45641,38227,219330
2021-03-26,7.549855457,336.8278579,0.9422696719999999,4766.0,27242.0,288062.0,68276.0,476.0,2048.0,1480,304,4465956.0,41869,39932,226062
2021-03-27,7.534346892,343.3807899,0.9472123369999998,4791.0,27259.000000000004,289350.0,68466.0,332.0,1567.0,1299,194,4508575.0,42619,25130,230460
2021-03-28,7.527985815,343.5506477,0.963226572,4872.0,27712.000000000004,289752.0,68597.0,238.0,1017.0,404,131,4545589.0,37014,5122,230574
2021-03-29,7.530973639999999,352.7751138,0.983392645,4974.0,28322.000000000004,290810.0,68957.0,484.0,2099.0,1091,362,4554683.0,9094,53130,236765
2021-03-30,7.439705251000001,360.9193445,1.002767892,5072.0,28510.0,292796.0,69293.0,569.0,2579.0,2011,337,4585385.0,30702,43554,242231
2021-03-31,7.316977639999999,364.6338646,0.999011467,5053.0,28463.000000000004,294638.0,69596.0,472.0,2209.0,1865,304,4644423.0,59038,39629,244724
2021-04-01,7.152360279000001,366.53954899999997,1.010083037,5109.0,28581.0,296166.0,69904.0,480.0,2035.0,1561,313,4695082.0,50659,39506,246002
2021-04-02,7.039065369000001,364.6934638,1.038750494,5254.0,28729.000000000004,297734.0,70204.0,505.00000000000006,2092.0,1614,301,4741759.0,46676,38693,244764
2021-04-03,6.894107733,363.48658,1.04250692,5273.0,28886.0,299075.0,70389.0,399.0,1730.0,1348,187,4755676.0,13917,24320,243954
2021-04-04,6.881373903000001,363.2034838,1.055950969,5341.0,29356.0,299624.0,70574.0,270.0,1224.0,562,185,4822470.0,66794,4932,243764
2021-04-05,6.61359266,296.8576545,1.074139976,5433.0,29907.0,300064.0,70771.0,284.0,1219.0,448,197,4833263.0,10793,8602,199236
2021-04-06,7.099955101,312.1880587,1.112297351,5626.0,30639.0,301299.0,71180.0,632.0,2459.0,1273,409,4841308.0,8045,53842,209525
2021-04-07,7.3052252179999995,311.4147591,1.132661131,5729.0,30904.000000000004,303639.0,71601.0,673.0,3131.0,2388,433,4854259.0,12951,39110,209006
2021-04-08,7.693021232,307.6912991,1.127916172,5705.0,30555.000000000004,305711.0,71944.0,498.0,2156.0,2116,345,4939258.0,84999,37007,206507
2021-04-09,8.107650223,306.6095736,1.138196916,5757.0,30326.000000000004,307674.0,72243.0,498.0,2120.0,1986,301,4980501.0,41243,37967,205781
2021-04-10,8.410417161,306.2236688,1.140569395,5769.0,30238.000000000004,309136.0,72450.0,387.99999999999994,1649.0,1481,210,5023785.0,43284,24061,205522
2021-04-11,8.438119988,306.3369073,1.154211151,5838.0,30671.000000000004,309787.0,72626.0,286.0,1305.0,656,178,5058680.0,34895,5008,205598
2021-04-12,8.85595679,362.4897834,1.169632266,5916.0,31262.000000000004,310934.0,73011.0,492.0,2172.0,1168,385,5067216.0,8536,46289,243285
2021-04-13,8.859572305,333.4351735,1.176749703,5952.0,31226.0,313051.0,73335.0,555.0,2501.0,2153,324,5106329.0,39113,34343,223785
2021-04-14,8.913357041,322.445081,1.166864373,5902.0,30868.0,315152.0,73632.0,441.0,2072.0,2115,297,5149834.0,43505,31734,216409
2021-04-15,8.975310807,314.1384425,1.171213919,5924.0,30668.0,317036.0,73928.0,501.00000000000006,2062.0,1899,300,5187879.0,38045,31431,210834
2021-04-16,9.064590276,305.6634363,1.169236853,5914.0,30472.0,318923.0,74234.0,463.0,2044.0,1900,309,5224321.0,36442,32279,205146
2021-04-17,9.065153386,300.2086195,1.161921708,5877.0,30329.0,320275.0,74423.0,359.0,1471.0,1379,189,5260182.0,35861,20400,201485
2021-04-18,9.073503073,299.5962378,1.165085014,5893.0,30789.0,320757.0,74563.0,233.0,1111.0,488,140,5289526.0,29344,4597,201074
2021-04-19,9.162466543,292.2610662,1.180308422,5970.0,31214.000000000004,321889.0,75010.0,502.0,2066.0,1170,449,5296222.0,6696,41366,196151
2021-04-20,9.188594095,286.8926683,1.183076315,5984.0,31085.999999999996,323961.0,75384.0,601.0,2404.0,2074,375,5339320.0,43098,30755,192548
2021-04-21,9.242629794,283.1125891,1.17813365,5959.0,30953.999999999996,325811.0,75697.0,476.0,2095.0,1886,316,5374288.0,34968,29202,190011
2021-04-22,9.24730991,278.0153675,1.182483195,5981.0,30634.000000000004,327668.0,75980.0,478.0,1878.0,1881,285,5408606.0,34318,28014,186590
2021-04-23,9.222171905,272.1731559,1.178726769,5962.0,30438.000000000004,329405.0,76285.0,436.0,1932.0,1782,309,5440946.0,32340,28363,182669
2021-04-24,9.170375177,267.8566839,1.177935943,5958.0,30100.000000000004,330838.0,76502.0,348.0,1368.0,1449,220,5473579.0,32633,17505,179772
2021-04-25,9.132182904,266.4039534,1.181890075,5978.0,30287.000000000004,331362.0,76647.0,218.0,881.0,527,145,5498044.0,24465,3624,178797
2021-04-26,8.874373278,255.7878459,1.186437327,6001.0,30595.999999999996,332563.0,77045.0,470.0,1944.0,1218,400,5503996.0,5952,34219,171672
2021-04-27,8.483721711,246.9403447,1.174970344,5943.0,30281.0,334577.0,77370.0,484.0,2109.0,2042,338,5534313.0,30317,24814,165734
2021-04-28,8.148442624,236.3808565,1.162317121,5879.0,29911.000000000004,336281.0,77685.0,349.0,1708.0,1726,324,5565852.0,31539,22117,158647
2021-04-29,7.563637232999999,226.38160069999998,1.147489126,5804.0,29487.000000000004,338000.0,77991.0,391.99999999999994,1711.0,1767,320,5592390.0,26538,21306,151936
2021-04-30,6.969474859999999,217.8991446,1.121984974,5675.0,28930.0,339650.0,78261.0,323.0,1433.0,1698,271,5616689.0,24299,22670,146243
2021-05-01,6.748654662000001,197.7680249,1.103400554,5581.0,28603.0,340997.0,78453.0,310.0,1246.0,1356,195,5642359.0,25670,3995,132732
2021-05-02,6.720706263,197.681606,1.10419138,5585.0,28818.0,341458.0,78566.0,173.0,798.0,467,113,5652247.0,9888,3563,132674
2021-05-03,6.309569507000001,189.8055718,1.113088177,5630.0,28950.0,342451.0,78877.0,385.99999999999994,1495.0,997,311,5656007.0,3760,28933,127387
2021-05-04,5.951453111000001,182.95166380000003,1.088177145,5504.0,28427.0,344265.0,79120.0,355.0,1591.0,1822,243,5680378.0,24371,20212,122788
2021-05-05,5.619036853,176.2720835,1.068011072,5402.0,27686.0,346184.0,79364.0,312.0,1459.0,1935,245,5706378.0,26000,17637,118305
2021-05-06,5.255754482,170.0752567,1.034203242,5231.0,26985.0,347768.0,79583.0,273.0,1151.0,1604,221,5728090.0,21712,17148,114146
2021-05-07,4.953039236,163.3584268,1.009489917,5106.0,26331.0,349293.0,79809.0,269.0,1140.0,1560,227,5747214.0,19124,18167,109638
2021-05-08,4.917400758,163.4359058,0.98952155,5005.0,25800.000000000004,350471.0,79985.0,191.0,844.0,1184,176,5767959.0,20745,4035,109690
2021-05-09,4.887238439,162.4227194,0.9827995259999999,4971.0,25797.0,350873.0,80100.0,124.0,527.0,409,116,5777087.0,9128,2883,109010
2021-05-10,4.597604069,154.9147102,0.962831159,4870.0,25666.000000000004,351795.0,80392.0,265.0,1125.0,931,293,5780379.0,3292,23897,103971
2021-05-11,4.303641738,149.5880317,0.9377224200000001,4743.0,25028.0,353370.0,80628.0,285.0,1239.0,1588,236,5800170.0,19791,16633,100396
2021-05-12,4.078169314,147.2338633,0.906089363,4583.0,24254.000000000004,354860.0,80812.0,217.0,965.0,1511,185,5821668.0,21498,16058,98816
2021-05-13,4.032196269,126.2325953,0.8782127320000002,4442.0,23656.000000000004,355927.0,80943.0,139.0,618.0,1072,131,5841129.0,19461,3053,84721
2021-05-14,4.111247005,125.1136203,0.860419138,4352.0,23406.000000000004,356700.0,81116.0,152.0,733.0,777,173,5848154.0,7025,17416,83970
2021-05-15,4.096375211,132.3891926,0.844404903,4271.0,22950.0,357613.0,81228.0,134.0,580.0000000000001,914,112,5863839.0,15685,8919,88853
2021-05-16,4.077516086,131.5309641,0.841241597,4255.0,22963.0,357928.0,81309.0,101.99999999999999,416.0,315,81,5877787.0,13948,2312,88277
2021-05-17,3.991728756,125.40565640000001,0.827599842,4186.0,22749.000000000004,358776.0,81505.0,203.99999999999997,871.0,869,196,5881137.0,3350,19788,84166
2021-05-18,4.003471092,123.7324088,0.7937920129999999,4015.0,22058.0,360213.0,81692.0,247.0,996.0,1459,187,5898347.0,17210,15502,83043
2021-05-19,3.973960851,120.1817865,0.7635429020000001,3862.0000000000005,21347.000000000004,361460.0,81833.0,168.0,712.0,1252,141,5917397.0,19050,13676,80660
2021-05-20,3.8232810739999996,134.3276566,0.745156188,3769.0,20750.0,362593.0,81966.0,201.99999999999997,709.0,1146,137,5568551.0,15415,12550,90154
2021-05-21,3.605560603,127.01781469999999,0.717872677,3630.9999999999995,20209.000000000004,363600.0,82075.0,139.0,625.0,1009,110,5581351.0,12800,12507,85248
2021-05-22,3.537949803,125.3415872,0.700672202,3543.9999999999995,19765.000000000004,364391.0,82164.0,115.0,468.0,797,89,5593962.0,12611,7792,84123
2021-05-23,3.518592496,124.5444479,0.694938711,3515.0,19720.0,364695.0,82234.0,73.0,324.0,296,70,5603666.0,9704,1776,83588
2021-05-24,3.32333743,100.2801237,0.691182285,3496.0,19701.000000000004,364902.0,82296.0,66.0,260.0,212,61,5605895.0,2229,3500,67303
2021-05-25,3.334045663,101.81778300000002,0.681494662,3447.0,19430.0,365739.0,82494.0,204.99999999999997,796.0,841,199,5609050.0,3155,16536,68335
2021-05-26,3.291022263,99.11942927,0.658362989,3330.0,18593.0,367046.0,82638.0,181.0,671.0,1304,144,5621696.0,12646,11863,66524
2021-05-27,3.23900316,97.00514766,0.633847371,3206.0,17941.0,368023.0,82780.0,127.0,499.00000000000006,988,146,5635629.0,13933,11135,65104
2021-05-28,3.141489552,94.1712057,0.613681297,3104.0,17272.0,369109.0,82878.0,155.0,539.0,1092,105,5646897.0,11268,10609,63203
2021-05-29,3.09398897,92.01818461,0.598655595,3028.0,16847.0,369789.0,82946.0,93.0,334.0,675,71,5657572.0,10675,6346,61758
2021-05-30,3.0841106019999995,91.60248019,0.591735864,2993.0,16775.0,370014.0,82990.0,43.0,199.0,224,44,5666113.0,8541,1493,61478
2021-05-31,3.083957936,103.9261047,0.582245947,2945.0,16596.0,370577.0,83116.0,140.0,529.0,570,126,5667324.0,1211,11771,69750
2021-06-01,2.864729435,91.14505633,0.558521155,2825.0,16088.000000000002,371500.0,83243.0,145.0,596.0,926,137,5677172.0,9848,7957,61172
2021-06-02,2.713011058,84.78731169,0.544483986,2754.0,15638.0,372310.0,83339.0,105.99999999999999,491.0,824,96,5685915.0,8743,7596,56905
2021-06-03,2.555234876,78.63518428,0.529260577,2677.0,15283.000000000002,373033.0,83409.0,94.0,458.0,742,71,5694076.0,8161,7009,52776
2021-06-04,2.3885798610000006,72.68867412,0.508303677,2571.0,14801.0,373818.0,83490.0,91.0,408.0,770,81,5701029.0,6953,6620,48785
2021-06-05,2.287528195,69.11570209,0.499209174,2525.0,14532.0,374281.0,83547.0,62.0,267.0,473,58,5707683.0,6654,3947,46387
2021-06-06,2.2646239970000006,68.23363393,0.499604587,2527.0,14525.0,374416.0,83572.0,51.99999999999999,154.0,137,25,5712753.0,5070,898,45795
2021-06-07,2.073953345,61.54362375,0.488730724,2472.0,14323.0,374909.0,83636.0,96.99999999999999,383.0,501,66,5713917.0,1164,7281,41305
2021-06-08,1.9437523620000001,57.1675525,0.473309609,2394.0,13984.0,375569.0,83708.0,105.99999999999999,405.00000000000006,668,72,5719935.0,6018,5022,38368
2021-06-09,1.797890853,52.155259789999995,0.45986556,2326.0,13526.0,376342.0,83773.0,94.0,391.0,775,65,5725492.0,5557,4229,35004
2021-06-10,1.649161657,47.40371358,0.443851325,2245.0,13090.0,376974.0,83841.0,74.0,297.0,649,68,5729967.0,4475,3821,31815
2021-06-11,1.540350267,43.44632671,0.427639383,2163.0,12712.0,377596.0,83910.0,66.0,313.0,621,69,5733838.0,3870,3964,29159
2021-06-12,1.458075927,40.82843186,0.417160933,2110.0,12496.0,377961.0,83944.0,48.0,198.0,374,34,5737810.0,3971,2189,27402
2021-06-13,1.438281135,40.24137974,0.416370107,2106.0,12480.0,378063.0,83957.0,25.999999999999996,111.0,100,13,5740665.0,2855,505,27008
2021-06-14,1.286302164,35.28868623,0.408857256,2068.0,12374.0,378429.0,84020.0,71.0,325.0,373,63,5741354.0,689,3963,23684
2021-06-15,1.194287942,32.04499978,0.3859232899999999,1952.0,11895.0,379108.0,84096.0,69.0,300.0,670,76,5744589.0,3235,2849,21507
2021-06-16,1.11530403,29.504583890000003,0.37030446800000005,1873.0,11519.0,379635.0,84140.0,39.0,198.0,531,44,5747647.0,3058,2520,19802
2021-06-17,1.052699947,27.53036039,0.35567418,1799.0,11114.0,380195.0,84196.0,46.0,225.0,559,56,5750433.0,2786,2496,18477
2021-06-18,0.97169336,25.48610784,0.34400949,1740.0,10738.0,380667.0,84246.0,52.99999999999999,171.0,484,50,5752872.0,2439,2596,17105
2021-06-19,0.926940479,24.377562719999997,0.3366943459999999,1703.0,10531.0,380930.0,84268.0,24.0,102.0,273,22,5755496.0,2624,1442,16361
2021-06-20,0.9196990200000001,24.203235059999997,0.3366943459999999,1703.0,10518.0,380979.0,84282.0,15.0,51.0,53,14,5757311.0,1815,384,16244
2021-06-21,0.862477152,22.336290119999997,0.327204429,1655.0,10386.0,381278.0,84322.0,48.0,216.0,301,40,5757798.0,486,2713,14991
2021-06-22,0.829424448,21.19049551,0.308422301,1560.0,10046.0,381726.0,84373.0,47.0,181.0,450,52,5760002.0,2204,2079,14222
2021-06-23,0.804384108,20.38739629,0.298339265,1509.0,9771.0,382124.0,84406.0,42.0,167.0,402,33,5762322.0,2320,1986,13683
2021-06-24,0.784178072,19.62452653,0.284499802,1439.0,9392.0,382593.0,84450.0,27.0,140.0,459,44,5764329.0,2007,1983,13171
2021-06-25,0.7706866280000001,18.94211569,0.274614472,1389.0,9190.0,382897.0,84483.0,39.0,148.0,321,33,5766315.0,1985,2139,12713
2021-06-26,0.760632265,18.755868189999997,0.266706208,1349.0,9024.0,383122.0,84495.0,14.0,81.0,226,12,5768443.0,2128,1311,12588
2021-06-27,0.762583135,18.81993733,0.265915382,1345.0,8986.0,383185.0,84512.0,12.999999999999998,42.0,61,17,5770021.0,1578,427,12631
2021-06-28,0.7705120730000001,19.04343433,0.257809411,1304.0,8846.0,383447.0,84556.0,41.0,176.0,259,44,5770530.0,509,2861,12781
2021-06-29,0.7849945439999999,19.46360869,0.247133254,1250.0,8627.0,383768.0,84584.0,29.0,134.0,316,28,5772844.0,2314,2362,13063
2021-06-30,0.815161942,20.65410271,0.23803875,1204.0,8451.0,384051.0,84609.0,31.0,157.99999999999997,301,25,5775301.0,2457,2791,13862
2021-07-01,0.840896287,21.728378289999995,0.229735073,1162.0,8232.0,384338.0,84638.0,30.0,109.0,298,29,5777965.0,2664,2707,14583
2021-07-02,0.877436393,23.22729816,0.222024516,1123.0,8044.000000000001,384616.0,84662.0,17.0,118.0,287,24,5780648.0,2683,3148,15589
2021-07-03,0.897779582,24.5206008,0.217872677,1102.0,7912.0,384781.0,84679.0,17.0,78.99999999999999,181,17,5783654.0,3006,2182,16457
2021-07-04,0.910440301,25.022724059999998,0.21826809,1104.0,7913.0,384812.0,84688.0,12.0,41.0,30,9,5786203.0,2549,755,16794
2021-07-05,0.979902475,27.59442953,0.212930012,1077.0,7806.0,385013.0,84724.0,30.0,137.0,201,36,5786999.0,796,4599,18520
2021-07-06,1.044668006,29.84727929,0.204033215,1032.0,7637.000000000001,385289.0,84758.0,30.0,149.0,283,35,5790584.0,3585,3872,20032
2021-07-07,1.111915873,32.43537454,0.197113484,997.0,7539.0,385490.0,84786.0,30.0,140.0,204,28,5794665.0,4081,4528,21769
2021-07-08,1.184764403,35.15905797,0.191973112,971.0000000000001,7384.0,385720.0,84811.0,25.999999999999996,100.0,231,25,5799107.0,4442,4543,23597
2021-07-09,1.240720262,37.99746986,0.18841439299999999,953.0,7275.0,385950.0,84829.0,30.0,147.0,230,18,5803687.0,4580,5055,25502
2021-07-10,1.261814671,39.9836132,0.18722815300000004,947.0000000000001,7183.0,386122.0,84848.0,9.0,101.0,172,19,5808383.0,4696,3513,26835
2021-07-11,1.274216429,40.72562324,0.18722815300000004,947.0000000000001,7183.0,386141.0,84852.0,4.0,23.0,19,4,5812639.0,4256,1244,27333
2021-07-12,1.450721416,46.57677468,0.189205219,957.0000000000001,7137.0,386424.0,84880.0,55.0,267.0,272,28,5813899.0,1260,8534,31260
2021-07-13,1.607053096,53.87618669,0.184460261,933.0000000000001,7076.0,386704.0,84902.0,37.0,246.0,278,22,5820849.0,6950,8777,36159
2021-07-14,1.65683223,50.99903531,0.18406484800000003,931.0,7047.0,386839.0,84908.0,19.0,115.0,137,6,5829724.0,8875,2592,34228
2021-07-15,2.009426906,64.13022902,0.180703836,914.0,7054.0,387017.0,84924.0,36.0,213.0,176,16,5833341.0,3617,13398,43041
2021-07-16,2.3378893880000002,75.43470725,0.177738236,899.0000000000001,6971.0,387297.0,84946.0,33.0,220.0,282,22,5844249.0,10908,12674,50628
2021-07-17,2.599206621,84.83797101,0.175958877,890.0,6922.0,387439.0,84962.0,21.0,114.0,147,16,5855198.0,10949,9824,56939
2021-07-18,2.68104652,87.91775966,0.176156584,891.0,6936.0,387469.0,84967.0,9.0,54.00000000000001,30,5,5867730.0,12532,3278,59006
2021-07-19,3.2681609840000005,109.191694,0.178331356,902.0,7041.0,387703.0,84987.0,76.0,360.0,235,20,5871881.0,4151,22822,73284
2021-07-20,3.765155927,126.9716253,0.17319098500000002,875.9999999999999,6912.0,388118.0,85020.0,61.0,327.0,413,33,5890062.0,18181,20724,85217
2021-07-21,3.987876134,156.5954076,0.16982997200000002,858.9999999999999,6869.0,388402.0,85042.0,64.0,281.0,285,22,5911601.0,21539,22455,105099
2021-07-22,4.178385506,167.367963,0.171609332,868.0,6832.0,388707.0,85053.0,59.0,292.0,307,11,5933510.0,21909,20670,112329
2021-07-23,4.207615956,181.9891367,0.172400158,872.0000000000001,6802.0,389021.0,85082.0,69.0,330.0,310,26,5953071.0,19561,22518,122142
2021-07-24,4.157782412,191.0899345,0.173586398,878.0,6787.0,389197.0,85104.0,35.0,182.0,174,22,5978695.0,25624,15922,128250
2021-07-25,4.153515719,193.1952763,0.175168051,885.9999999999999,6843.0,389226.0,85110.0,16.0,92.0,32,6,5993937.0,15242,4659,129663
2021-07-26,4.293750834,208.6255091,0.188216686,952.0,7079.0,389531.0,85154.0,135.0,607.0,311,44,5999244.0,5307,33172,140019
2021-07-27,4.31960434,215.91896120000004,0.19335705800000003,977.9999999999999,7137.0,389996.0,85182.0,121.0,557.0,458,28,6026115.0,26871,25629,144914
2021-07-28,4.364784882,219.7035104,0.19612495100000002,991.9999999999999,7208.0,390367.0,85225.0,91.0,490.0,375,40,6054049.0,27934,24980,147454
2021-07-29,4.346875195,224.77093230000003,0.200672202,1015.0000000000001,7236.0,390784.0,85252.0,91.0,501.0,416,29,6079239.0,25190,24092,150855
2021-07-30,4.261826373,227.2055597,0.211941479,1072.0,7363.0,391216.0,85312.0,165.0,640.0,445,60,6103548.0,24308,24174,152489
2021-07-31,4.186845076,227.3083683,0.217279557,1099.0,7409.0,391581.0,85355.0,91.0,467.0,364,43,6127019.0,23470,15972,152558
2021-08-01,4.170948459,227.3873372,0.224792408,1137.0,7581.0,391689.0,85373.0,69.0,312.0,109,18,6146619.0,19600,4678,152611
2021-08-02,4.172357615,228.99204570000003,0.24357453500000004,1232.0,7840.0,392055.0,85424.0,170.0,688.0,376,51,6151803.0,5184,34228,153688
2021-08-03,4.184420879,230.453716,0.263147489,1331.0,7974.0,392634.0,85480.0,218.0,818.0,608,57,6178632.0,26829,26621,154669
2021-08-04,4.20505326,231.5950407,0.271055753,1371.0,8133.999999999999,393129.0,85528.0,157.0,772.0,533,53,6207416.0,28784,25740,155435
2021-08-05,4.251091912,233.0790608,0.280743377,1420.0,8210.0,393723.0,85577.0,150.0,712.0,598,52,6233876.0,26460,25111,156431
2021-08-06,4.330574317,235.41981939999997,0.288256228,1458.0,8368.0,394324.0,85637.0,165.0,861.9999999999999,615,60,6258953.0,25077,25778,158002
2021-08-07,4.352071198,237.29719420000004,0.298536971,1510.0,8425.0,394709.0,85669.0,136.0,482.0,389,32,6284708.0,25755,17218,159262
2021-08-08,4.346943611,238.37146970000003,0.307631475,1556.0,8685.0,394910.0,85697.0,117.0,498.0,204,30,6305158.0,20450,5368,159983
2021-08-09,4.149633682,241.13389270000002,0.329576908,1667.0,9022.0,395310.0,85765.0,230.0,833.0,407,68,6310933.0,5775,36086,161837
2021-08-10,3.966347638,244.0944829,0.338473705,1712.0,9153.0,396002.0,85833.0,210.99999999999997,944.0,717,68,6339509.0,28576,28609,163824
2021-08-11,3.822435577,245.9435481,0.344998023,1745.0,9233.0,396616.0,85886.0,158.0,773.0,616,54,6370429.0,30919,26981,165065
2021-08-12,3.6943099880000005,247.9743908,0.35725583199999994,1807.0,9465.0,397162.0,85963.0,191.0,894.0,566,76,6398983.0,28554,26478,166428
2021-08-13,3.56918283,247.12212230000003,0.362000791,1831.0,9546.0,397828.0,86037.0,188.0,836.0,681,74,6425436.0,26453,25229,165856
2021-08-14,3.447758214,247.7553638,0.36318703,1836.9999999999998,9648.0,398257.0,86088.0,118.0,606.0,449,51,6449863.0,24427,17614,166281
2021-08-15,3.4360115560000004,247.4975972,0.366152629,1852.0,9798.0,398445.0,86132.0,73.0,399.0,193,44,6471035.0,21172,5169,166108
2021-08-16,3.3922605550000005,244.6949448,0.377224199,1908.0000000000002,10151.0,398924.0,86228.0,178.0,950.0,498,97,6476864.0,5829,34204,164227
2021-08-17,3.3324730000000002,239.7050018,0.386120996,1952.9999999999998,10219.0,399763.0,86339.0,245.0,1075.0,853,110,6504978.0,28113,25271,160878
2021-08-18,3.262981483,233.75998169999997,0.4060893629999999,2054.0,10336.0,400539.0,86451.0,299.0,1036.0,808,112,6533383.0,28404,22985,156888
2021-08-19,3.190831514,226.88223400000004,0.4051008300000001,2049.0,10392.0,401284.0,86578.0,186.0,976.0,778,127,6557356.0,23973,21857,152272
2021-08-20,3.105513636,222.6223812,0.413404508,2091.0,10515.0,401946.0,86660.0,214.0,887.0,682,83,6579675.0,22319,22396,149413
2021-08-21,3.065463113,218.6068851,0.416370107,2106.0,10463.0,402615.0,86789.0,165.0,805.0,674,146,6602311.0,22636,14900,146718
2021-08-22,3.059680649,217.7337568,0.42071965199999994,2128.0,10651.0,402848.0,86883.0,102.99999999999999,542.0,228,96,6619611.0,17300,4562,146132
2021-08-23,3.014739474,211.00500719999997,0.437920127,2215.0,11007.0,403285.0,86991.0,235.0,943.0,447,108,6624777.0,5166,29681,141616
2021-08-24,2.97677777,205.1672655,0.4391063660000001,2221.0,11066.0,404141.0,87143.0,214.0,1145.0,871,153,6649630.0,24853,21356,137698
2021-08-25,2.9339968689999996,199.1611562,0.442665085,2239.0,11171.0,404823.0,87236.0,182.0,883.0,701,93,6673336.0,23706,18948,133667
2021-08-26,2.91161807,193.0701179,0.44701463,2261.0,11104.0,405490.0,87343.0,191.0,741.0,692,110,6693019.0,19683,17762,129578
2021-08-27,2.849058527,186.15363079999997,0.44879399,2270.0,11162.0,406229.0,87438.0,193.99999999999997,908.0,750,95,6711268.0,18249,17766,124936
2021-08-28,2.776893885,181.1294182,0.446619217,2259.0,11052.0,406709.0,87512.0,119.0,465.0,493,75,6728858.0,17590,11529,121565
2021-08-29,2.7586580909999996,179.6275184,0.449980229,2276.0,11092.0,406911.0,87565.0,71.0,311.0,206,53,6742488.0,13630,3546,120557
2021-08-30,2.630720445,168.8132436,0.452748122,2290.0,11245.0,407355.0,87663.0,159.0,725.0,446,98,6746283.0,3794,22431,113299
2021-08-31,2.561932408,161.3737735,0.45314353499999993,2292.0,11120.0,408275.0,87797.0,218.0,941.0,931,136,6765708.0,19425,16345,108306
2021-09-01,2.527937578,155.8802172,0.45353894799999994,2294.0,11119.0,408908.0,87880.0,187.0,742.0,641,85,6783329.0,17621,15258,104619
2021-09-02,2.501849051,148.9830998,0.44978252299999993,2275.0,10934.0,409615.0,87983.0,143.0,648.0,719,104,6799240.0,15911,13142,99990
2021-09-03,2.4616285130000004,141.9906237,0.446619217,2259.0,10816.0,410229.0,88076.0,159.0,624.0,631,95,6812706.0,13466,13079,95297
2021-09-04,2.4286451670000004,138.5979393,0.439501779,2223.0,10654.0,410710.0,88159.0,124.0,424.0,486,85,6826042.0,13335,9253,93020
2021-09-05,2.424013288,137.4670444,0.43831553999999995,2217.0,10644.0,410888.0,88208.0,60.0,227.0,177,49,6836452.0,10410,2774,92261
2021-09-06,2.3479158170000005,128.7938709,0.444642151,2249.0,10757.0,411314.0,88310.0,187.0,661.0,444,102,6839494.0,3042,16611,86440
2021-09-07,2.270868777,121.85503399999999,0.446619217,2259.0,10646.0,412039.0,88418.0,199.99999999999997,761.0,736,120,6854028.0,14534,11686,81783
2021-09-08,2.1658856490000002,114.7925289,0.439699486,2224.0,10438.0,412721.0,88518.0,174.0,595.0,695,100,6866856.0,12827,10509,77043
2021-09-09,2.083648495,110.0007532,0.433965994,2195.0,10323.0,413273.0,88621.0,139.0,554.0,554,104,6877825.0,10969,9927,73827
2021-09-10,1.993357547,105.0853092,0.425266904,2151.0,10115.0,413880.0,88701.0,135.0,505.0,612,81,6887791.0,9966,9785,70528
2021-09-11,1.911266627,101.0310736,0.421312772,2131.0,10018.0,414243.0,88747.0,91.0,322.0,367,47,6897392.0,9601,6531,67807
2021-09-12,1.8863233800000003,99.71244130999999,0.420917359,2129.0,10012.0,414405.0,88776.0,34.0,187.0,159,29,6905071.0,7678,1880,66922
2021-09-13,1.759401049,92.49348823,0.41577698700000004,2103.0,9986.0,414778.0,88862.0,116.0,446.0,381,86,6907133.0,2062,11771,62077
2021-09-14,1.663583859,87.57357428,0.395413207,2000.0,9739.0,415490.0,88956.0,137.0,577.0,708,94,6917460.0,10327,8387,58775
2021-09-15,1.596160413,83.64896697,0.387307236,1959.0000000000002,9555.0,416030.0,89033.0,119.0,452.00000000000006,540,79,6926604.0,9144,7873,56141
2021-09-16,1.539185769,79.60367128,0.3859232899999999,1952.0,9297.0,416554.0,89098.0,102.99999999999999,382.0,570,65,6934732.0,8128,7211,53426
2021-09-17,1.486471652,76.06347881,0.373863187,1890.9999999999998,9070.0,417059.0,89164.0,81.0,371.0,520,66,6942105.0,7373,7413,51050
2021-09-18,1.453959799,73.80615912,0.36318703,1836.9999999999998,8912.0,417399.0,89206.0,68.0,243.0,350,42,6949519.0,7413,5016,49535
2021-09-19,1.445667668,73.0924587,0.36219849699999995,1832.0000000000002,8887.0,417505.0,89234.0,33.0,113.00000000000001,108,28,6955333.0,5814,1400,49056
2021-09-20,1.3804574750000003,68.82813595,0.35686041899999993,1805.0,8845.0,417826.0,89255.0,114.0,373.0,336,91,6956848.0,1515,8904,46194
2021-09-21,1.3345522460000003,65.84072606,0.344800316,1744.0000000000002,8594.0,418397.0,89407.0,136.0,503.0,577,152,6964699.0,7851,6376,44189
2021-09-22,1.293053089,62.99337428,0.327402135,1656.0,8414.0,418859.0,89465.0,68.0,361.0,463,59,6971493.0,6794,5963,42278
2021-09-23,1.267026872,61.04746041,0.318109925,1609.0,8237.0,419256.0,89527.0,71.0,301.0,412,63,6977722.0,6229,5906,40972
2021-09-24,1.244751135,59.07025695,0.313562673,1586.0,8107.0,419628.0,89576.0,72.0,296.0,371,49,6983601.0,5879,6091,39645
2021-09-25,1.225203722,57.82016373999999,0.310597074,1571.0,7980.0,419912.0,89605.0,54.0,196.0,287,29,6989613.0,6012,4177,38806
2021-09-26,1.22107554,57.4506487,0.311783314,1577.0,7994.000000000001,419971.0,89619.0,35.0,89.0,60,14,6994319.0,4706,1150,38558
2021-09-27,1.195270718,55.5583741,0.310597074,1571.0,7980.0,420247.0,89693.0,94.0,343.0,279,74,6995628.0,1309,7633,37288
2021-09-28,1.175763729,54.320200719999995,0.301304864,1524.0,7801.0,420645.0,89751.0,79.0,304.0,397,60,7002393.0,6765,5546,36457
2021-09-29,1.153370223,52.99560851,0.289837881,1466.0,7726.000000000001,420934.0,89793.0,51.99999999999999,254.0,291,42,7008228.0,5835,5074,35568
2021-09-30,1.12586897,51.58459745,0.279557137,1414.0,7565.0,421264.0,89849.0,58.0,238.0,340,56,7013432.0,5204,4958,34621
2021-10-01,1.092782279,49.83983088,0.267892448,1355.0,7410.0,421579.0,89895.0,48.0,214.0,311,47,7018367.0,4935,4919,33450
2021-10-02,1.05728468,48.5346084,0.26196125,1325.0,7294.0,421787.0,89925.0,33.0,141.0,212,30,7023315.0,4948,3300,32573
2021-10-03,1.055595041,48.37518054000001,0.262158956,1326.0,7308.0,421839.0,89934.0,19.0,76.0,54,9,7027059.0,3744,1043,32467
2021-10-04,1.032629625,46.4262867,0.262554369,1328.0,7299.0,422072.0,89984.0,71.0,283.0,246,50,7028197.0,1138,6328,31159
2021-10-05,1.018357027,45.29092195,0.252866746,1279.0,7096.0,422510.0,90045.0,75.0,290.00000000000006,436,61,7033755.0,5558,4781,30397
2021-10-06,1.009728338,44.32541491,0.245551601,1242.0,7038.0,422728.0,90079.0,40.0,202.0,225,34,7038701.0,4946,4423,29749
2021-10-07,1.017952111,43.81435177,0.237247924,1200.0,6903.0,423001.0,90113.0,47.0,194.0,272,35,7043316.0,4615,4619,29406
2021-10-08,1.020598701,43.48804615,0.230130486,1164.0,6805.0,423274.0,90151.0,51.99999999999999,218.0,274,38,7047786.0,4470,4700,29187
2021-10-09,1.025261055,43.83223153,0.222815342,1127.0,6706.0,423485.0,90166.0,25.999999999999996,128.0,211,17,7052520.0,4734,3534,29418
2021-10-10,1.025986777,43.78306219,0.223803875,1132.0,6737.0,423537.0,90174.0,17.0,91.0,54,8,7056511.0,3990,1005,29385
2021-10-11,1.046444692,44.42077363,0.226374061,1145.0,6729.0,423734.0,90204.0,58.0,226.00000000000003,193,30,7057631.0,1120,6758,29813
2021-10-12,1.068493855,45.19854319,0.21965203599999997,1111.0,6629.0,424018.0,90257.0,68.0,254.0,285,53,7063511.0,5880,5305,30335
2021-10-13,1.091644636,46.26089892,0.215697904,1091.0,6601.0,424238.0,90280.0,58.0,219.0,225,27,7069089.0,5578,5133,31048
2021-10-14,1.079767262,48.77002524000001,0.21253459900000002,1075.0,6523.0,424464.0,90318.0,44.0,206.0,231,38,7074276.0,5187,6306,32731
2021-10-15,1.151296867,48.75661542000001,0.20778964,1051.0,6470.0,424693.0,90352.0,43.0,215.0,229,34,7080375.0,6098,4692,32722
2021-10-16,1.208528807,48.46606932,0.207394227,1049.0,6437.0,424817.0,90367.0,24.999999999999996,109.0,125,15,7085273.999999999,4899,3338,32527
2021-10-17,1.218605889,48.448189559999996,0.207987347,1052.0,6448.0,424868.0,90372.0,18.0,71.0,50,5,7089052.0,3778,989,32516
2021-10-18,1.267050237,48.82813446,0.207394227,1049.0,6468.0,425074.0,90413.0,67.0,277.0,210,41,7090109.000000001,1057,7014,32771
2021-10-19,1.327162754,49.68040302,0.206801107,1046.0,6483.0,425292.0,90452.0,63.0,286.0,221,39,7096042.999999999,5933,5878,33343
2021-10-20,1.419317332,51.21806236999999,0.202846975,1026.0,6465.0,425537.0,90473.0,44.0,263.0,249,21,7102079.0,6035,6165,34375
2021-10-21,1.721519292,51.17187298999999,0.19948596299999996,1008.9999999999999,6453.0,425777.0,90508.0,59.0,273.0,245,35,7108206.0,6127,6278,34344
2021-10-22,1.751378894,53.59011052999999,0.199683669,1010.0,6400.0,426012.0,90537.0,58.0,203.0,236,30,7114572.0,6366,6319,35967
2021-10-23,1.756701219,55.21716868,0.19909055,1007.0,6348.0,426213.0,90560.0,42.0,184.0,203,23,7120862.999999999,6291,4434,37059
2021-10-24,1.7571103450000003,55.33189714,0.201265322,1018.0,6377.0,426243.0,90564.0,21.0,63.0,34,4,7125867.999999999,5005,1061,37136
2021-10-25,1.824485395,56.21992522000001,0.202253855,1023.0,6405.0,426431.0,90605.0,74.0,268.99999999999994,197,42,7127163.000000001,1295,7614,37732
2021-10-26,1.897314654,56.82038716,0.207394227,1049.0,6445.0,426654.0,90643.0,112.0,315.99999999999994,236,38,7133766.000000001,6603,6282,38135
2021-10-27,1.940925285,57.2271517,0.205219454,1038.0,6489.0,426836.0,90677.0,61.0,283.0,193,34,7140293.999999999,6527,6444,38408
2021-10-28,2.004569258,57.36571983999999,0.205021748,1037.0,6541.0,427031.0,90710.0,58.0,271.0,192,33,7146754.999999999,6461,6377,38501
2021-10-29,2.12990564,59.19243531000001,0.204428628,1034.0,6534.0,427286.0,90737.0,67.0,283.0,255,27,7153188.000000001,6433,7551,39727
2021-10-30,2.200017961,61.321616729999995,0.20541716100000001,1039.0,6524.0,427445.0,90759.0,44.0,176.0,157,22,7160548.0,7360,5860,41156
2021-10-31,2.220510982,62.21262476,0.206801107,1046.0,6572.0,427489.0,90771.0,20.0,105.0,42,12,7166877.0,6329,1646,41754
2021-11-01,2.203098483,54.11905342,0.21134835900000004,1069.0,6639.0,427519.0,90777.0,28.0,103.0,31,6,7168743.0,1865,2177,36322
2021-11-02,2.45237746,62.284143799999995,0.215697904,1091.0,6680.0,427801.0,90851.0,126.0,416.0,283,75,7170782.0,2039,11763,41802
2021-11-03,2.608839863,66.09700261,0.216686437,1096.0,6764.0,428108.0,90890.0,95.0,447.0,308,39,7180832.0,10050,9005,44361
2021-11-04,2.772613523,69.86218207,0.217279557,1099.0,6718.0,428434.0,90937.0,81.0,334.0,328,47,7190334.000000001,9502,8906,46888
2021-11-05,2.931008237,73.442604,0.215302491,1089.0,6735.0,428716.0,90963.0,82.0,334.0,282,28,7199331.999999999,8998,9966,49291
2021-11-06,3.063437004,76.16330747,0.217279557,1099.0,6667.0,428950.0,90988.0,55.0,190.0,231,25,7208937.000000001,9605,7680,51117
2021-11-07,3.09997004,76.62222131,0.21767497,1101.0,6709.0,428990.0,90998.0,20.0,100.0,41,10,7217484.0,8547,1946,51425
2021-11-08,3.347649024,95.1545925,0.225583234,1141.0,6865.0,429250.0,91053.0,121.0,483.0,263,55,7219681.000000001,2197,14621,63863
2021-11-09,3.362651949,94.29189408000002,0.225385528,1140.0,6851.0,429618.0,91097.0,98.99999999999999,409.0,369,49,7232157.0,12475,11189,63284
2021-11-10,3.419731146,99.00172085000001,0.22815342,1154.0,6906.0,429919.0,91130.0,93.0,397.0,301,33,7244040.0,11882,12165,66445
2021-11-11,3.396813832,90.02906131,0.226374061,1145.0,6952.0,430063.0,91147.0,35.0,212.0,146,17,7256643.0,12603,2885,60423
2021-11-12,3.606958753,100.9714744,0.233689205,1182.0,7046.0,430277.0,91195.0,97.99999999999999,362.0,219,48,7260502.999999999,3860,17320,67767
2021-11-13,3.70724771,105.3505256,0.23764333699999998,1202.0,7050.0,430476.0,91211.0,64.0,234.0,198,20,7275149.0,14646,10603,70706
2021-11-14,3.753027965,106.812196,0.23922499,1210.0,7111.0,430524.0,91228.0,25.999999999999996,125.0,49,17,7287645.0,12496,2920,71687
2021-11-15,4.068807356,120.30545479999999,0.2485172,1257.0,7361.0,430811.0,91298.0,144.0,631.0,293,70,7290886.000000001,3241,23682,80743
2021-11-16,4.262374628,132.4532617,0.252471333,1277.0,7535.0,431216.0,91345.0,135.0,647.0,410,48,7310664.0,19778,19351,88896
2021-11-17,4.5266933,144.5846789,0.257018584,1300.0,7663.0,431559.0,91395.0,107.0,525.0,344,50,7330958.0,20294,20313,97038
2021-11-18,4.691888367,172.3713158,0.263542902,1333.0,7787.000000000001,431887.0,91447.0,119.0,522.0,341,57,7351323.999999999,20366,21539,115687
2021-11-19,4.775537662,181.6077018,0.267497034,1353.0,7940.0,432215.0,91497.0,129.0,563.0,346,57,7372544.000000001,21220,23529,121886
2021-11-20,4.877609335,192.0018023,0.263542902,1333.0,7974.0,432421.0,91520.0,40.0,268.99999999999994,212,24,7395222.000000001,22678,17565,128861
2021-11-21,4.908296463,194.0013554,0.264729142,1339.0,8038.000000000001,432497.0,91535.0,27.0,157.99999999999997,77,15,7414971.000000001,19749,4256,130204
2021-11-22,5.163166736999999,214.0386064,0.277975484,1406.0,8338.0,432957.0,91629.0,188.0,865.0,463,94,7420237.0,5266,37152,143652
2021-11-23,5.312054737999999,232.4175097,0.287663108,1455.0,8525.0,433411.0,91713.0,192.0,759.0,456,84,7450691.0,30454,31693,155987
2021-11-24,5.448389667,252.1224951,0.293198893,1483.0,8765.0,433833.0,91793.0,137.0,770.0,424,80,7483281.999999999,32591,33535,169212
2021-11-25,5.52191955,272.7214686,0.296362198,1499.0,8981.0,434310.0,91865.0,139.0,778.0,502,73,7516745.999999999,33464,35358,183037
2021-11-26,5.651581726,294.3485282,0.309015421,1563.0,9181.0,434775.0,91925.0,176.0,744.0,481,60,7551181.999999999,34436,38063,197552
2021-11-27,5.741913107,308.8192139,0.319691578,1617.0,9271.0,435027.0,91959.0,101.99999999999999,388.0,259,34,7588400.0,37218,27269,207264
2021-11-28,5.761906018,312.4920146,0.322657177,1632.0,9381.0,435119.0,91982.0,42.0,224.0,93,23,7620048.0,31648,6690,209729
2021-11-29,6.022325136999999,344.6711126,0.34578884899999995,1749.0,9860.0,435531.0,92085.0,253.0,1043.0,420,102,7628327.000000001,8279,58755,231326
2021-11-30,6.138310897,368.8937174,0.360616845,1824.0,10249.0,436187.0,92199.0,271.0,1187.0,670,114,7675504.0,47177,47944,247582
2021-12-01,6.222757433,390.4358482,0.372874654,1886.0,10558.0,436766.0,92292.0,215.0,992.0,586,93,7725113.999999999,49610,48005,262040
2021-12-02,6.327105331,413.7972446,0.382364571,1934.0,10790.0,437363.0,92395.0,192.99999999999997,950.0,600,102,7773530.0,48416,51074,277720
2021-12-03,6.444879907,434.07736230000006,0.40688019,2058.0,11103.0,438044.0,92508.0,281.0,1153.0,681,114,7823388.0,49858,51696,291331
2021-12-04,6.436674282,446.9939989,0.40272835099999993,2037.0,11340.0,438440.0,92557.0,119.0,694.0,401,49,7875012.000000001,51623,35935,300000
2021-12-05,6.435489023000001,450.29728449999993,0.408461843,2066.0,11526.0,438589.0,92586.0,70.0,369.0,150,29,7917264.000000001,42252,8873,302217
2021-12-06,6.554635881000001,472.5695055,0.433175168,2191.0,12096.0,439237.0,92778.0,307.0,1424.0,659,192,7928572.0,11308,73691,317165
2021-12-07,6.62810513,487.5527444,0.4648082250000001,2351.0,12714.0,440066.0,92942.0,407.99999999999994,1665.0,843,168,7987591.000000001,59019,57991,327221
2021-12-08,6.682729420000001,499.05241,0.47963622000000006,2426.0,13044.0,440865.0,93071.0,276.0,1288.0,807,129,8048930.999999999,61340,55741,334939
2021-12-09,6.652162022,504.486367,0.486555951,2461.0,13363.0,441638.0,93198.0,243.0,1250.0,797,130,8105784.999999999,56853,54751,338586
2021-12-10,6.653405057,507.2234603,0.493871095,2498.0,13629.0,442473.0,93339.0,250.0,1293.0,856,142,8161123.999999999,55339,53554,340423
2021-12-11,6.647514357,509.0159062,0.501977066,2539.0,13855.0,442940.0,93404.0,176.0,787.0,481,66,8214844.0,53720,37134,341626
2021-12-12,6.643612366,510.6653141,0.514432582,2602.0,14050.0,443159.0,93452.0,111.0,472.0,222,48,8258692.0,43848,9966,342733
2021-12-13,6.706446057,518.487709,0.544088573,2752.0,14527.0,443933.0,93683.0,379.0,1505.0,778,231,8270728.000000001,12036,78979,347983
2021-12-14,6.739549958,523.5789707,0.551996837,2792.0,14819.0,445100.0,93841.0,362.0,1662.0,1182,158,8334133.0,63405,61389,351400
2021-12-15,6.761848306,529.9367153,0.562079873,2843.0,15062.0,446101.0,93992.0,274.0,1453.0,1028,153,8399846.0,65713,60019,355667
2021-12-16,6.760621865,535.1486654,0.559905101,2832.0,15142.0,447156.0,94157.0,248.0,1342.0,1068,166,8460712.0,60866,58286,359165
2021-12-17,6.781143075999999,543.0798289,0.573546856,2901.0,15409.999999999998,448151.0,94319.0,301.0,1449.0,1013,163,8518840.0,58128,58927,364488
2021-12-18,6.790456814,550.8098451,0.579873468,2933.0,15370.0,448891.0,94404.0,190.0,816.0,742,86,8577376.0,58536,42315,369676
2021-12-19,6.821039406000001,555.8757771,0.580466588,2936.0,15528.0,449128.0,94479.0,91.0,485.0,244,75,8625849.0,48473,13333,373076
2021-12-20,7.139946874999999,571.5578166,0.598062475,3025.0,15918.0,449970.0,94703.0,340.0,1466.0,857,225,8640924.0,15075,89506,383601
2021-12-21,7.520932065000001,605.1225959,0.612099644,3096.0,16076.000000000002,451213.0,94913.0,357.0,1661.0,1267,212,8713756.0,72832,83868,406128
2021-12-22,7.865968595,655.096525,0.622182681,3147.0,16118.0,452365.0,95083.0,322.0,1404.0,1160,170,8798028.0,84272,93481,439668
2021-12-23,8.000525861,722.6805277,0.634242784,3208.0,16060.0,453573.0,95262.0,323.0,1347.0,1237,179,8889636.0,91608,103597,485027
2021-12-24,8.240810517,777.2123055000001,0.643337287,3254.0,16173.0,454659.0,95429.0,316.0,1398.0,1105,169,8983760.0,94124,95526,521626
2021-12-25,8.51138325,741.795481,0.648873072,3282.0,16162.0,455323.0,95513.0,160.0,760.0,674,84,9088371.0,104611,18545,497856
2021-12-26,8.78337766,770.7711220000001,0.652234085,3299.0,16365.000000000002,455508.0,95609.0,93.0,506.0,192,96,9116068.0,27696,32780,517303
2021-12-27,10.70822006,973.7138474,0.658956109,3333.0,16921.0,456295.0,95865.0,328.0,1634.0,805,256,9146451.0,30383,225710,653508
2021-12-28,12.295914479999999,1159.845128,0.6753657570000001,3416.0,17405.0,457594.0,96107.0,417.0,2110.0,1305,242,9326258.0,179807,208790,778430
2021-12-29,13.96821161,1350.717526,0.685844207,3469.0000000000005,17856.0,458891.0,96291.0,363.0,1949.0000000000002,1311,185,9534357.0,208098,221585,906534
2021-12-30,15.74296813,1539.9673350000003,0.693159352,3506.0,18321.0,460123.0,96471.0,299.0,1922.0,1239,179,9740600.0,206243,230612,1033549
2021-12-31,16.74673309,1699.088259,0.700474496,3543.0,18715.000000000004,461407.0,96660.0,320.0,1928.0,1301,189,9972800.0,232200,202320,1140343
2022-01-01,16.88551635,1718.085504,0.703835508,3560.0,18811.0,462266.0,96770.0,196.99999999999997,1102.0,860,110,10191926.0,219126,31294,1153093
2022-01-02,17.14674811,1768.5213269999997,0.706207987,3571.9999999999995,19043.0,462576.0,96861.0,100.99999999999999,652.0,310,91,10250358.0,58432,66630,1186943
2022-01-03,18.76436116,2073.114957,0.722419929,3654.0,19606.0,463863.0,97131.0,352.0,2160.0,1305,272,10317819.0,67461,430139,1391371
2022-01-04,19.3725877,2268.761251,0.724594701,3664.9999999999995,20186.0,465820.0,97424.0,460.0,2881.0,1996,297,10589505.0,271686,340098,1522679
2022-01-05,19.55442306,2391.461103,0.7305259,3695.0000000000005,20688.000000000004,467508.0,97670.0,395.99999999999994,2483.0,1701,246,10921757.0,332252,303935,1605029
2022-01-06,19.49927721,2473.284845,0.743179122,3759.0,21169.000000000004,469181.0,97874.0,409.99999999999994,2401.0,1696,205,11183238.0,261480,285528,1659945
2022-01-07,19.872219,2583.011442,0.7542506919999998,3815.0,21605.0,470797.0,98067.0,358.0,2308.0,1640,192,11511452.0,328214,275963,1733588
2022-01-08,19.89873953,2836.965122,0.755436932,3821.0,21721.0,472027.0,98209.0,243.0,1485.0,1235,143,11815121.0,303669,201736,1904029
2022-01-09,19.87511948,2848.986281,0.760577303,3846.9999999999995,21982.000000000004,472488.0,98299.0,151.0,842.0,465,91,12111218.0,296097,74698,1912097
2022-01-10,19.41287908,2846.018241,0.7718465799999998,3904.0,22749.000000000004,473916.0,98579.0,380.0,2543.0,1445,281,12205114.0,93896,428147,1910105
2022-01-11,19.33204856,2834.020922,0.7846975090000001,3969.0,23371.0,476124.0,98847.0,492.0,3149.0,2247,270,12573263.0,368149,332046,1902053
2022-01-12,20.0781337,2884.023161,0.7878608150000002,3985.0,23889.000000000004,478097.0,99093.0,381.0,2806.0,1994,249,12934982.0,361719,337494,1935612
2022-01-13,21.30801133,2923.206654,0.778766311,3939.0,24154.0,480068.0,99318.0,334.0,2513.0,1990,227,13240304.0,305322,311826,1961910
2022-01-14,20.419454676666668,2796.747085666667,0.77006722,3895.0,24511.000000000004,481964.0,99509.0,310.0,2486.0,1938,196,13569675.0,329371,308427,1877036
2022-01-15,20.35965662,2781.0610726666664,0.761565836,3852.0,24544.000000000004,483438.0,99657.0,218.0,1690.0,1475,148,13894255.0,324580,263175,1866509
2022-01-16,18.886458453333333,2468.012302333333,0.761565836,3852.0,24887.0,484007.0,99755.0,119.0,1029.0,578,98,14172384.000000002,278129,102576,1656406
